time,open,high,low,close,volume
0,2021-03-19 20:00:00,199.31,199.4,198.5601,199.0,14316
1,2021-03-19 19:30:00,199.98,199.99,199.2,199.3,6403
2,2021-03-19 19:00:00,199.1,200.0,199.0,200.0,15086
3,2021-03-19 18:30:00,200.24,200.29,199.01,199.4,20833
4,2021-03-19 18:00:00,199.5972,200.4,199.55,200.24,14931
5,2021-03-19 17:30:00,200.0,200.4,199.55,199.55,31403
6,2021-03-19 17:00:00,199.02,200.77,198.31,200.4,80903
7,2021-03-19 16:30:00,200.27,201.0,198.25,198.8,252408
8,2021-03-19 16:00:00,206.115,206.77,199.46,199.46,1561870
9,2021-03-19 15:30:00,212.23,212.23,204.49,206.17,1004314
10,2021-03-19 15:00:00,205.2962,214.49,203.54,212.23,1347061
11,2021-03-19 14:30:00,211.7278,212.4,205.02,205.0402,1000136
12,2021-03-19 14:00:00,211.8701,216.85,209.37,211.875,1206005
13,2021-03-19 13:30:00,215.8,219.78,209.37,211.8871,1606303
14,2021-03-19 13:00:00,217.3506,227.0,214.11,216.25,3682528
15,2021-03-19 12:30:00,212.0,218.0,207.5612,217.0258,2697746
16,2021-03-19 12:00:00,190.679,217.39,190.32,212.14,3333097
17,2021-03-19 11:30:00,190.47,192.0,187.4006,190.6,481644
18,2021-03-19 11:00:00,188.9699,195.73,186.95,190.29,1052930
19,2021-03-19 10:30:00,191.11,192.8,186.2,188.97,921075
20,2021-03-19 10:00:00,195.73,199.29,182.66,191.11,2948717
21,2021-03-19 09:30:00,201.0,203.03,195.0,195.26,93438
22,2021-03-19 09:00:00,203.5,203.5,199.21,201.0,43565
23,2021-03-19 08:30:00,203.9495,206.0,203.0,203.75,22471
24,2021-03-19 08:00:00,204.0,204.0,203.1,203.99,4817
25,2021-03-19 07:30:00,206.05,206.05,203.0,203.87,10955
26,2021-03-19 07:00:00,206.6,206.6,206.5,206.51,4798
27,2021-03-19 06:30:00,206.34,206.98,206.0,206.5,2926
28,2021-03-19 06:00:00,205.85,207.2,205.85,206.1,5657
29,2021-03-19 05:30:00,204.0,205.5,203.33,205.5,6177
30,2021-03-19 05:00:00,203.45,203.45,203.0,203.45,1624
31,2021-03-19 04:30:00,204.79,206.35,201.89,204.0,4968
32,2021-03-18 20:00:00,202.53,202.53,200.1,201.0,15460
33,2021-03-18 19:30:00,202.69,203.03,201.91,202.59,6412
34,2021-03-18 19:00:00,203.01,203.7,202.51,202.51,6589
35,2021-03-18 18:30:00,203.8,204.0,203.18,203.7499,7840
36,2021-03-18 18:00:00,203.25,203.76,203.01,203.68,15279
37,2021-03-18 17:30:00,202.89,203.3,201.77,202.9,32911
38,2021-03-18 17:00:00,200.35,202.83,200.2,202.5,25945
39,2021-03-18 16:30:00,201.38,202.73,200.17,200.35,61190
40,2021-03-18 16:00:00,200.69,201.52,196.9304,201.52,919146
41,2021-03-18 15:30:00,201.25,203.0,195.65,200.76,1098978
42,2021-03-18 15:00:00,203.8642,204.9899,199.2,201.35,612538
43,2021-03-18 14:30:00,207.75,207.75,203.407,203.84900000000002,257432
44,2021-03-18 14:00:00,206.2,207.9,204.4301,207.62,269627
45,2021-03-18 13:30:00,202.28,207.8647,201.35,206.1215,514085
46,2021-03-18 13:00:00,207.3401,207.9478,202.01,202.05,619077
47,2021-03-18 12:30:00,207.8673,209.0,205.5,207.34,408881
48,2021-03-18 12:00:00,212.97,213.37,205.58,207.8665,689177
49,2021-03-18 11:30:00,211.22,213.73,208.5,212.9885,579544
50,2021-03-18 11:00:00,209.5,216.23,209.2,211.4218,1237477
51,2021-03-18 10:30:00,201.6,212.49,198.11,209.75,1770917
52,2021-03-18 10:00:00,214.0,218.88,201.09,201.9128,2034249
53,2021-03-18 09:30:00,216.1,216.5,214.02,214.02,86794
54,2021-03-18 09:00:00,217.25,217.4,215.3,215.68,42423
55,2021-03-18 08:30:00,217.0,218.0,214.01,217.35,48236
56,2021-03-18 08:00:00,216.69,216.7,214.0,214.1,29785
57,2021-03-18 07:30:00,217.5,218.0,215.2,216.59,24190
58,2021-03-18 07:00:00,217.2,218.1,216.9,217.5,2117
59,2021-03-18 06:30:00,218.0,218.0,217.0,217.0,1930
60,2021-03-18 06:00:00,219.09,219.09,218.37,218.37,4436
61,2021-03-18 05:30:00,218.74,221.0,218.57,218.75,11190
62,2021-03-18 05:00:00,219.36,219.36,216.19,218.5,8592
63,2021-03-18 04:30:00,213.05,222.01,213.05,218.7,46714
64,2021-03-17 20:00:00,211.25,211.5,211.0,211.43,20198
65,2021-03-17 19:30:00,211.38,211.5,210.9,211.5,14528
66,2021-03-17 19:00:00,210.5,211.5,210.2,210.8001,22090
67,2021-03-17 18:30:00,211.84,211.85,210.5,210.5,5411
68,2021-03-17 18:00:00,211.0,211.99,210.29,211.5,24988
69,2021-03-17 17:30:00,212.38,212.49,210.3,211.4,27629
70,2021-03-17 17:00:00,210.5001,213.88,210.38,212.1,111275
71,2021-03-17 16:30:00,208.64,210.88,207.0,210.5,113360
72,2021-03-17 16:00:00,209.8933,211.65,204.0,209.8,1679044
73,2021-03-17 15:30:00,215.95,216.25,207.35,210.33,823068
74,2021-03-17 15:00:00,217.13,217.7,212.5101,215.84,852661
75,2021-03-17 14:30:00,220.11,223.0,217.1,217.13,588201
76,2021-03-17 14:00:00,218.25,220.11,216.51,219.87,383895
77,2021-03-17 13:30:00,219.2001,221.3,217.0,218.3064,461445
78,2021-03-17 13:00:00,224.6201,225.5871,218.7338,219.8656,694512
79,2021-03-17 12:30:00,218.5001,225.0,217.12,224.98,858564
80,2021-03-17 12:00:00,217.56,221.6573,216.2,218.655,778485
81,2021-03-17 11:30:00,218.02,218.68400000000003,213.2001,217.8986,777978
82,2021-03-17 11:00:00,217.39,219.76,210.52,218.2136,1414101
83,2021-03-17 10:30:00,223.0,224.89,214.36,217.4865,2103788
84,2021-03-17 10:00:00,217.84,231.47,213.53,222.65,3800801
85,2021-03-17 09:30:00,216.3,221.89,213.0,217.74,312520
86,2021-03-17 09:00:00,206.0,217.95,205.75,216.72,238393
87,2021-03-17 08:30:00,199.0,208.85,199.0,205.5,49943
88,2021-03-17 08:00:00,200.01,208.85,200.0,205.52,39378
89,2021-03-17 07:30:00,200.25,201.1,199.0,200.0,20359
90,2021-03-17 07:00:00,198.75,202.0,198.75,202.0,3541
91,2021-03-17 06:30:00,199.21,199.44,199.11,199.11,723
92,2021-03-17 06:00:00,200.54,200.54,199.01,199.12,4574
93,2021-03-17 05:30:00,201.11,203.29,196.48,200.54,3959
94,2021-03-17 05:00:00,203.0,203.0,203.0,203.0,188
95,2021-03-17 04:30:00,203.75,203.75,197.03,203.01,6009
96,2021-03-16 20:00:00,204.21,204.7,201.0,201.0,26219
97,2021-03-16 19:30:00,205.06,205.65,204.1,204.22,25556
98,2021-03-16 19:00:00,204.87,205.2,204.11,205.0,11303
99,2021-03-16 18:30:00,205.2,206.0,204.21,204.5,8256
100,2021-03-16 18:00:00,205.5,205.5,204.4,205.5,12998
101,2021-03-16 17:30:00,206.99,206.99,204.08,205.01,25447
102,2021-03-16 17:00:00,203.6,208.17,203.35,206.8,57557
103,2021-03-16 16:30:00,206.67,209.44,201.89,203.15,144326
104,2021-03-16 16:00:00,209.63,215.4999,206.4201,207.6199,1352296
105,2021-03-16 15:30:00,205.9999,212.025,203.44,209.37,931554
106,2021-03-16 15:00:00,210.46,215.15,204.0,205.8037,1543315
107,2021-03-16 14:30:00,214.1201,220.7,208.0,210.3001,2150128
108,2021-03-16 14:00:00,212.29,220.05,208.0,214.21,2432583
109,2021-03-16 13:30:00,204.94,215.58,200.0,212.16,2483724
110,2021-03-16 13:00:00,194.59,204.95,192.53,204.94,1551129
111,2021-03-16 12:30:00,194.9297,200.4,191.3201,194.5789,1183525
112,2021-03-16 12:00:00,198.4522,200.73,191.53,194.99,1898173
113,2021-03-16 11:30:00,193.545,211.58,193.372,198.57,4123519
114,2021-03-16 11:00:00,173.0,195.68,172.35,193.7261,3275131
115,2021-03-16 10:30:00,190.25,195.0,172.5,173.01,4066135
116,2021-03-16 10:00:00,203.16,212.5999,175.52,189.94,6271748
117,2021-03-16 09:30:00,197.0,213.91,191.0,203.32,341624
118,2021-03-16 09:00:00,191.66,198.85,186.91,197.0,479010
119,2021-03-16 08:30:00,208.0,213.73,191.96,192.0,354225
120,2021-03-16 08:00:00,202.38,204.5,194.8,197.14,197072
121,2021-03-16 07:30:00,212.12,213.5,198.0,202.23,309670
122,2021-03-16 07:00:00,212.69,214.29,210.9,211.0,12285
123,2021-03-16 06:30:00,225.01,225.01,208.71,212.7,63124
124,2021-03-16 06:00:00,227.12,227.12,225.8,226.1,8924
125,2021-03-16 05:30:00,228.4,229.0,227.0,227.11,8143
126,2021-03-16 05:00:00,226.42,229.3,226.22,227.89,14693
127,2021-03-16 04:30:00,222.11,229.1,221.11,225.12,42561
128,2021-03-15 20:00:00,218.4,218.98,216.4,216.5,38609
129,2021-03-15 19:30:00,220.0,220.0,215.14,218.0,50898
130,2021-03-15 19:00:00,223.52,223.53,220.0,220.0,22891
131,2021-03-15 18:30:00,223.83,224.18,222.8,223.52,19276
132,2021-03-15 18:00:00,222.66,224.25,222.5,223.5,63361
133,2021-03-15 17:30:00,218.2,226.0,217.22,222.66,164954
134,2021-03-15 17:00:00,215.25,220.14,213.75,217.1,152059
135,2021-03-15 16:30:00,220.2,222.0,210.01,215.0,336086
136,2021-03-15 16:00:00,232.8799,235.0,206.0,220.13,3188632
137,2021-03-15 15:30:00,230.01,236.37,222.5,232.88,2127651
138,2021-03-15 15:00:00,243.1499,247.1901,228.22,230.0,1275037
139,2021-03-15 14:30:00,245.04,246.7499,241.26,243.1959,495329
140,2021-03-15 14:00:00,250.54,251.9994,244.01,244.9585,583792
141,2021-03-15 13:30:00,244.9,254.5,244.9,250.57,1053481
142,2021-03-15 13:00:00,243.71,247.22,238.62,244.8597,1011716
143,2021-03-15 12:30:00,251.38,254.27,236.12,243.26,1887227
144,2021-03-15 12:00:00,250.77,261.7894,245.01,251.0101,2402950
145,2021-03-15 11:30:00,270.517,272.08,223.0001,250.1545,4119574
146,2021-03-15 11:00:00,277.5,278.6167,265.5,270.539,1411466
147,2021-03-15 10:30:00,277.145,277.87,270.42,277.1535,946834
148,2021-03-15 10:00:00,277.52,283.0,268.54,277.105,2323923
149,2021-03-15 09:30:00,275.6,279.45,275.6,277.0,140554
150,2021-03-15 09:00:00,275.1,276.8948,273.44,275.7,52512
151,2021-03-15 08:30:00,280.0,281.99,274.37,275.2,95324
152,2021-03-15 08:00:00,278.36,279.27,278.0,278.04,16427
153,2021-03-15 07:30:00,278.7,282.0,277.21,279.0,70012
154,2021-03-15 07:00:00,279.0,280.98,279.0,280.98,3786
155,2021-03-15 06:30:00,277.98,279.5,277.98,279.5,3687
156,2021-03-15 06:00:00,280.0,280.16,275.5,277.01,22001
157,2021-03-15 05:30:00,271.0,284.0,270.89,282.0,60109
158,2021-03-15 05:00:00,271.99,272.44,270.8,270.8,6538
159,2021-03-15 04:30:00,270.0,274.8,268.0,272.0,30126
160,2021-03-12 20:00:00,265.0,267.79,265.0,267.77,38251
161,2021-03-12 19:30:00,266.15,266.15,265.01,265.01,9362
162,2021-03-12 19:00:00,266.26,267.0,265.75,266.3899,13005
163,2021-03-12 18:30:00,264.97,268.0,264.75,267.01,19724
164,2021-03-12 18:00:00,265.0,265.2,264.35,264.87,27948
165,2021-03-12 17:30:00,264.8,265.87,264.71,265.01,231964
166,2021-03-12 17:00:00,266.02,266.4,264.26,264.91,62555
167,2021-03-12 16:30:00,265.0,268.0,263.49,266.02,185329
168,2021-03-12 16:00:00,271.48,273.0,262.27,264.4589,1936838
169,2021-03-12 15:30:00,278.95,279.38,267.03,271.48,1598598
170,2021-03-12 15:00:00,273.51,281.69,273.1,278.7,1053435
171,2021-03-12 14:30:00,275.0355,278.15,273.0,273.6,900543
172,2021-03-12 14:00:00,268.45,277.0,267.85,275.14,1203667
173,2021-03-12 13:30:00,275.2501,277.0,264.4145,268.1799,1525339
174,2021-03-12 13:00:00,279.0896,279.99,274.04,275.32,690321
175,2021-03-12 12:30:00,276.715,280.75,272.23,279.3469,1045879
176,2021-03-12 12:00:00,284.32,284.63,273.28,276.72,1437466
177,2021-03-12 11:30:00,282.56,286.0,272.8868,283.885,2222228
178,2021-03-12 11:00:00,289.385,295.5,282.7,282.7,3258187
179,2021-03-12 10:30:00,277.957,291.5,276.4105,290.0,3171756
180,2021-03-12 10:00:00,274.9965,286.94,267.27,277.957,4273078
181,2021-03-12 09:30:00,270.0,275.5,268.2,275.0,269623
182,2021-03-12 09:00:00,269.6,272.01,269.53,270.0,80979
183,2021-03-12 08:30:00,265.225,276.47,265.225,269.17,124200
184,2021-03-12 08:00:00,270.6,272.0,268.0,269.5,89508
185,2021-03-12 07:30:00,267.0,276.49,265.06,271.01,189968
186,2021-03-12 07:00:00,265.0,267.6,265.0,267.0,12154
187,2021-03-12 06:30:00,270.0,271.69,263.86,264.51,51555
188,2021-03-12 06:00:00,256.45,269.0,256.45,269.0,36170
189,2021-03-12 05:30:00,254.82,258.16,254.82,256.97,8106
190,2021-03-12 05:00:00,251.5,253.21,251.5,252.9,5838
191,2021-03-12 04:30:00,250.0,253.88,246.0,251.0,28606
192,2021-03-11 20:00:00,256.01,260.0,256.0,260.0,60628
193,2021-03-11 19:30:00,256.5,256.5,254.49,256.11,18822
194,2021-03-11 19:00:00,256.9499,258.0,254.99,257.0,25093
195,2021-03-11 18:30:00,253.4,256.0,253.0,255.75,23481
196,2021-03-11 18:00:00,252.7,256.5,252.0,254.4,75128
197,2021-03-11 17:30:00,248.88,254.74,247.11,252.35,111411
198,2021-03-11 17:00:00,247.76,260.0,246.58,248.85,124832
199,2021-03-11 16:30:00,256.14,259.79,245.0,247.52,258178
200,2021-03-11 16:00:00,266.28,267.7486,251.6901,256.19,1529681
201,2021-03-11 15:30:00,262.15,270.0,260.29,266.372,1504848
202,2021-03-11 15:00:00,262.47,264.48,257.0,262.2,887133
203,2021-03-11 14:30:00,261.76,268.67,260.0,262.4701,1234622
204,2021-03-11 14:00:00,256.15,264.2,255.78,261.34,1212004
205,2021-03-11 13:30:00,256.1601,260.5,252.99,255.7734,911527
206,2021-03-11 13:00:00,260.2715,260.2715,247.21,256.305,1513410
207,2021-03-11 12:30:00,265.01,265.18,255.1,259.4399,976366
208,2021-03-11 12:00:00,264.48,267.49,253.0,265.0236,2153347
209,2021-03-11 11:30:00,274.1069,274.65,262.13,264.005,1600034
210,2021-03-11 11:00:00,259.11,281.5,259.0,274.1789,2828635
211,2021-03-11 10:30:00,259.3,281.0,257.2201,259.67,4545949
212,2021-03-11 10:00:00,241.64,265.0,232.6,259.0,5127014
213,2021-03-11 09:30:00,248.1,249.89,235.7,242.0,444189
214,2021-03-11 09:00:00,249.01,252.0,245.92,248.0,123833
215,2021-03-11 08:30:00,257.0,257.0,241.2,249.5,205815
216,2021-03-11 08:00:00,251.5,256.0,250.0,256.0,145143
217,2021-03-11 07:30:00,249.99,252.01,241.95,251.99,157881
218,2021-03-11 07:00:00,244.5,254.88,244.0,248.79,49466
219,2021-03-11 06:30:00,239.33,244.0,239.0,244.0,9209
220,2021-03-11 06:00:00,243.0,245.0,236.89,238.98,31057
221,2021-03-11 05:30:00,231.35,244.0,231.35,242.9,77548
222,2021-03-11 05:00:00,254.9,255.0,222.0,235.0,154885
223,2021-03-11 04:30:00,274.0,278.35,245.15,253.45,188171
224,2021-03-10 20:00:00,254.99,257.17,254.0,256.0,72796
225,2021-03-10 19:30:00,261.11,261.11,253.5,255.0,56891
226,2021-03-10 19:00:00,264.0,264.8,259.1,261.01,57537
227,2021-03-10 18:30:00,265.64,266.69,264.0,264.0,30696
228,2021-03-10 18:00:00,266.31,267.4899,262.45,265.51,81243
229,2021-03-10 17:30:00,265.51,270.2,265.17,266.32,227790
230,2021-03-10 17:00:00,261.8,269.0,261.06,266.0,176421
231,2021-03-10 16:30:00,262.99,273.92,256.1101,262.0,336002
232,2021-03-10 16:00:00,256.6699,277.0,254.26,263.05,3364152
233,2021-03-10 15:30:00,258.01,260.9699,246.02,255.8101,1801173
234,2021-03-10 15:00:00,243.0,344.655,233.1899,258.0,2933013
235,2021-03-10 14:30:00,267.18,336.77,226.0,242.2577,4198700
236,2021-03-10 14:00:00,275.9899,285.1599,253.0601,266.99,4658313
237,2021-03-10 13:30:00,266.19,281.0,220.48,276.0,8435581
238,2021-03-10 13:00:00,240.0,270.0,172.0,267.0,7570524
239,2021-03-10 12:30:00,332.0,348.5,248.68,248.68,9002697
240,2021-03-10 12:00:00,304.9431,336.0,304.5,331.2285,7178938
241,2021-03-10 11:30:00,293.46,310.0,290.0,304.6,3782362
242,2021-03-10 11:00:00,291.8505,300.0,283.58,293.49,3311130
243,2021-03-10 10:30:00,282.89,304.0,280.7368,292.0,5065248
244,2021-03-10 10:00:00,269.43,294.4499,258.2401,282.3501,7048005
245,2021-03-10 09:30:00,274.48,274.48,262.03,269.01,556674
246,2021-03-10 09:00:00,277.99,279.35,271.49,274.19,280242
247,2021-03-10 08:30:00,275.5,286.85,273.1,277.5,377669
248,2021-03-10 08:00:00,284.34,285.0,280.87,280.97,137344
249,2021-03-10 07:30:00,274.55,287.0,273.1,284.39,325324
250,2021-03-10 07:00:00,275.0,277.0,273.0,274.9,17686
251,2021-03-10 06:30:00,281.42,281.42,273.2,274.0,71170
252,2021-03-10 06:00:00,286.0,289.5,279.02,281.7,51145
253,2021-03-10 05:30:00,287.5,288.84,280.3,286.0,74825
254,2021-03-10 05:00:00,278.03,295.92,278.0,287.1,197060
255,2021-03-10 04:30:00,271.2,283.89,269.0,278.1,199359
256,2021-03-09 20:00:00,253.17,261.86,252.39,261.01,178273
257,2021-03-09 19:30:00,250.99,254.96,249.9,253.2,92271
258,2021-03-09 19:00:00,247.7,251.5,247.7,250.91,90445
259,2021-03-09 18:30:00,248.25,248.28,246.5,247.7,32495
260,2021-03-09 18:00:00,246.25,248.27,244.9,248.27,101449
261,2021-03-09 17:30:00,245.5,249.5,244.32,246.32,109827
262,2021-03-09 17:00:00,245.5,249.7,242.52,245.4,294016
263,2021-03-09 16:30:00,246.95,257.0,241.0,245.0,1027739
264,2021-03-09 16:00:00,236.1153,249.85,235.45,246.9,3202389
265,2021-03-09 15:30:00,235.7001,239.0,233.5,236.1157,1044866
266,2021-03-09 15:00:00,236.8,239.0202,231.11,235.8352,1116036
267,2021-03-09 14:30:00,235.2996,239.8,233.18099999999998,236.8099,1038401
268,2021-03-09 14:00:00,242.15,242.15,230.2,235.0425,1963103
269,2021-03-09 13:30:00,238.21,246.0,237.7438,242.01,1445144
270,2021-03-09 13:00:00,235.85,241.9999,234.63,237.998,1340911
271,2021-03-09 12:30:00,240.5072,246.49,235.61,235.6101,2714192
272,2021-03-09 12:00:00,234.7985,241.21,234.3901,240.83,1902615
273,2021-03-09 11:30:00,230.27,236.85,227.5503,234.359,1970257
274,2021-03-09 11:00:00,232.27,244.0,222.36,230.072,4733853
275,2021-03-09 10:30:00,225.8235,240.8999,221.5,232.29,4403838
276,2021-03-09 10:00:00,217.71,235.0,208.5101,226.3999,7670199
277,2021-03-09 09:30:00,223.24,228.0,217.34,218.0,627031
278,2021-03-09 09:00:00,217.6,225.88,216.11,222.95,471169
279,2021-03-09 08:30:00,214.9999,223.0,210.0,217.55,336149
280,2021-03-09 08:00:00,215.0,215.0,210.0,214.84,175464
281,2021-03-09 07:30:00,222.0,224.0,211.02,214.55,368236
282,2021-03-09 07:00:00,219.07,226.6,218.8,223.0,50777
283,2021-03-09 06:30:00,224.42,224.42,220.0,220.0,30821
284,2021-03-09 06:00:00,223.79,226.3,222.24,224.5,42748
285,2021-03-09 05:30:00,231.21,233.93,219.25,222.2,179784
286,2021-03-09 05:00:00,216.36,238.0,213.0,232.0,295898
287,2021-03-09 04:30:00,208.0,219.0,199.4,217.83,169978
288,2021-03-08 20:00:00,193.9,194.5,193.0,193.2,64450
289,2021-03-08 19:30:00,193.0,193.98,192.31,193.5,21143
290,2021-03-08 19:00:00,190.5,194.15,190.5,192.51,36645
291,2021-03-08 18:30:00,190.6,192.5,188.86,191.0,45144
292,2021-03-08 18:00:00,191.26,193.0,188.0,190.6,151392
293,2021-03-08 17:30:00,196.2,196.7,190.17,191.5,184527
294,2021-03-08 17:00:00,198.6,199.0,192.38,196.69,334916
295,2021-03-08 16:30:00,192.99,203.0,188.1,199.0,753743
296,2021-03-08 16:00:00,191.5,198.89,188.19,192.99,3536486
297,2021-03-08 15:30:00,187.8069,195.65,182.0,191.51,2474721
298,2021-03-08 15:00:00,188.45,189.01,179.01,187.8299,1887175
299,2021-03-08 14:30:00,174.46,188.88,168.0,188.3,3291649
300,2021-03-08 14:00:00,177.66299999999998,186.9999,172.1,174.43,2604492
301,2021-03-08 13:30:00,197.92,200.54,175.25,177.9299,5436882
302,2021-03-08 13:00:00,188.0,210.8699,187.8201,198.0,8575556
303,2021-03-08 12:30:00,178.99,193.0,178.0001,188.3996,4408664
304,2021-03-08 12:00:00,177.02,186.0,172.37,178.7201,4360704
305,2021-03-08 11:30:00,164.2801,196.69,164.28,177.31,11711757
306,2021-03-08 11:00:00,156.6943,167.0,155.0,164.338,3399473
307,2021-03-08 10:30:00,155.2699,160.85,149.22,157.04,2560351
308,2021-03-08 10:00:00,154.89,165.5,146.1,154.6674,5497501
309,2021-03-08 09:30:00,155.89,157.29,153.0,154.83,399857
310,2021-03-08 09:00:00,152.29,156.58,151.31,155.88,254148
311,2021-03-08 08:30:00,153.0,158.0,147.01,152.29,474645
312,2021-03-08 08:00:00,154.7,158.0,151.89,154.0,357293
313,2021-03-08 07:30:00,147.0,156.0,145.5,154.52,627832
314,2021-03-08 07:00:00,144.5,146.97,144.5,146.97,12885
315,2021-03-08 06:30:00,144.25,145.0,144.25,144.9,7670
316,2021-03-08 06:00:00,144.03,144.03,144.03,144.03,1260
317,2021-03-08 05:30:00,144.45,144.45,143.0,144.0,11286
318,2021-03-08 05:00:00,144.5,145.0,142.56,144.49,18037
319,2021-03-08 04:30:00,140.0,148.0,140.0,144.03,31583
320,2021-03-05 20:00:00,138.44,138.44,138.28,138.28,33349
321,2021-03-05 19:30:00,138.28,138.5,138.28,138.44,13456
322,2021-03-05 19:00:00,138.45,138.5,138.28,138.28,11684
323,2021-03-05 18:30:00,138.5,138.74,138.28,138.3999,19043
324,2021-03-05 18:00:00,137.65,138.5,137.6,138.39,34819
325,2021-03-05 17:30:00,137.5,137.98,137.25,137.71,46408
326,2021-03-05 17:00:00,136.99,138.19,136.99,137.42,49495
327,2021-03-05 16:30:00,137.26,139.84,135.82,136.81,242311
328,2021-03-05 16:00:00,139.3001,140.5,134.5,137.0,1591026
329,2021-03-05 15:30:00,140.04,141.95,137.67,139.33,1038925
330,2021-03-05 15:00:00,141.33,143.04,139.29,139.7754,954522
331,2021-03-05 14:30:00,141.54,145.0,139.0,141.4999,1497203
332,2021-03-05 14:00:00,137.59,143.92,135.8801,141.2615,1615071
333,2021-03-05 13:30:00,136.7868,139.7979,134.8,137.5899,1051926
334,2021-03-05 13:00:00,142.195,142.4,132.7001,136.7101,2074461
335,2021-03-05 12:30:00,141.0501,143.5,139.99,142.1701,1362839
336,2021-03-05 12:00:00,145.3755,145.75,138.2701,141.1,2209659
337,2021-03-05 11:30:00,144.2799,148.22,142.15,145.1601,2916991
338,2021-03-05 11:00:00,141.8656,151.53,136.9019,144.0,6307937
339,2021-03-05 10:30:00,134.8207,144.9699,133.3701,142.06,3375969
340,2021-03-05 10:00:00,128.17,141.0,127.5,134.9899,3770425
341,2021-03-05 09:30:00,128.49,129.0,126.77,128.1,177966
342,2021-03-05 09:00:00,129.9,130.0,128.22,128.22,68146
343,2021-03-05 08:30:00,132.5305,133.0,128.45,130.0,66929
344,2021-03-05 08:00:00,131.3,131.9,131.0,131.8,8709
345,2021-03-05 07:30:00,131.5,133.0,131.0,131.1,32029
346,2021-03-05 07:00:00,130.58,132.67,130.58,132.0,6535
347,2021-03-05 06:30:00,130.58,130.58,130.58,130.58,296
348,2021-03-05 06:00:00,130.8,131.0,130.8,131.0,961
349,2021-03-05 05:30:00,129.5,131.22,129.5,131.22,4071
350,2021-03-05 05:00:00,128.82,129.0,128.0,129.0,2199
351,2021-03-05 04:30:00,129.7,129.7,127.9,127.95,9149
352,2021-03-04 20:00:00,129.3,131.0,128.25,128.2501,57623
353,2021-03-04 19:30:00,129.15,129.43,128.05,129.36,26112
354,2021-03-04 19:00:00,127.89,129.88,127.2,128.49,29738
355,2021-03-04 18:30:00,128.21,129.0,127.15,127.71,23459
356,2021-03-04 18:00:00,126.8,129.0,126.09,128.27,65002
357,2021-03-04 17:30:00,126.6501,132.35,126.0,126.8,106891
358,2021-03-04 17:00:00,132.5,133.1,126.0,126.65,290748
359,2021-03-04 16:30:00,131.0,134.88,130.0,132.61,357390
360,2021-03-04 16:00:00,137.1801,141.5,130.28,132.35,4371544
361,2021-03-04 15:30:00,133.2273,138.86,128.131,137.205,4354646
362,2021-03-04 15:00:00,128.9999,147.8699,128.0,133.16,9869108
363,2021-03-04 14:30:00,120.15,132.0,120.15,128.9774,1923191
364,2021-03-04 14:00:00,121.6,124.28,119.11,120.155,1021482
365,2021-03-04 13:30:00,119.5542,121.67,118.54,121.47,577925
366,2021-03-04 13:00:00,120.67,122.05,118.1,119.375,748485
367,2021-03-04 12:30:00,123.2,126.0,119.1,120.6701,1239504
368,2021-03-04 12:00:00,119.695,126.6,119.695,123.1,1563474
369,2021-03-04 11:30:00,121.61,121.74,118.39,119.741,668698
370,2021-03-04 11:00:00,118.56,122.6,117.5,121.4431,1170115
371,2021-03-04 10:30:00,115.98,121.39,115.98,118.775,1496342
372,2021-03-04 10:00:00,125.0,125.4,115.3,115.99600000000001,2244348
373,2021-03-04 09:30:00,125.18,126.56,124.5,124.99,107773
374,2021-03-04 09:00:00,125.1,128.0,124.03,125.5,103288
375,2021-03-04 08:30:00,122.69,126.5,121.5,125.5,98841
376,2021-03-04 08:00:00,122.99,124.3,122.93,124.0,12114
377,2021-03-04 07:30:00,122.0,122.99,121.5,122.89,12584
378,2021-03-04 07:00:00,121.26,122.0,121.26,122.0,2777
379,2021-03-04 06:30:00,121.7,121.7,121.51,121.51,717
380,2021-03-04 06:00:00,121.21,121.21,121.0,121.0,2385
381,2021-03-04 05:30:00,122.7,122.7,121.1,121.36,1917
382,2021-03-04 05:00:00,121.2,122.8,121.0,122.8,4872
383,2021-03-04 04:30:00,122.55,123.5,121.0,121.0,8602
384,2021-03-03 20:00:00,123.25,125.0,123.0,125.0,61329
385,2021-03-03 19:30:00,123.6,123.6,122.85,123.46,13494
386,2021-03-03 19:00:00,123.0,123.55,122.6,123.55,11638
387,2021-03-03 18:30:00,124.0,124.0,122.4,123.15,28180
388,2021-03-03 18:00:00,124.0,124.52,122.97,124.2,77718
389,2021-03-03 17:30:00,121.5,124.72,121.0,123.7,172915
390,2021-03-03 17:00:00,124.8,131.35,120.9,122.04,897034
391,2021-03-03 16:30:00,124.93,125.99,119.99,125.0,334045
392,2021-03-03 16:00:00,120.02,125.5,118.68,124.8,2460246
393,2021-03-03 15:30:00,121.22,121.8,118.2,120.0907,950170
394,2021-03-03 15:00:00,116.4327,121.6,115.5,121.2894,1150134
395,2021-03-03 14:30:00,119.0,119.5,114.5,116.66,847682
396,2021-03-03 14:00:00,119.6701,121.33,118.2529,118.9798,602888
397,2021-03-03 13:30:00,118.5111,120.46,117.6504,119.88,588850
398,2021-03-03 13:00:00,119.1939,120.18,118.11,118.52,605566
399,2021-03-03 12:30:00,121.44,122.21,117.96,119.1939,724522
400,2021-03-03 12:00:00,123.3,123.4187,119.67,121.3489,902002
401,2021-03-03 11:30:00,121.85,124.65,120.02,123.38799999999999,1324985
402,2021-03-03 11:00:00,117.37,122.92,115.7199,121.6,1859579
403,2021-03-03 10:30:00,117.6051,119.5016,113.12,117.37,1985457
404,2021-03-03 10:00:00,122.51,127.75,116.0,117.1561,3142982
405,2021-03-03 09:30:00,118.89,125.7,118.0,122.73,312152
406,2021-03-03 09:00:00,117.5,118.7,117.3,118.45,57684
407,2021-03-03 08:30:00,119.9599,119.96,118.0,118.0,71776
408,2021-03-03 08:00:00,119.0,119.9,118.9,119.18,11604
409,2021-03-03 07:30:00,119.5,119.99,118.17,118.99,18976
410,2021-03-03 07:00:00,119.65,119.65,118.2,118.5,13429
411,2021-03-03 06:30:00,119.7,120.0,119.7,120.0,758
412,2021-03-03 06:00:00,119.93,120.0,119.65,119.65,1888
413,2021-03-03 05:30:00,119.66,120.5,119.66,120.0,3542
414,2021-03-03 05:00:00,120.01,120.01,119.05,119.57,1311
415,2021-03-03 04:30:00,120.11,120.56,119.05,120.0,10630
416,2021-03-02 20:00:00,120.71,120.99,119.6,120.0,48742
417,2021-03-02 19:30:00,119.97,120.7,118.8,120.7,42110
418,2021-03-02 19:00:00,118.6,119.99,118.35,119.97,34187
419,2021-03-02 18:30:00,118.04,118.5,117.0,118.5,25175
420,2021-03-02 18:00:00,117.01,119.0,116.62,118.5,39683
421,2021-03-02 17:30:00,117.1,117.33,116.2,117.0,36682
422,2021-03-02 17:00:00,115.83,118.18,114.09,117.05,140257
423,2021-03-02 16:30:00,118.03,120.0,115.25,115.51,177554
424,2021-03-02 16:00:00,119.115,120.8,114.2963,118.1,1830840
425,2021-03-02 15:30:00,121.7,123.5,116.74,118.94,1516414
426,2021-03-02 15:00:00,122.3,123.5,119.3,121.6476,1178265
427,2021-03-02 14:30:00,123.3545,124.5,116.3,122.3362,2564122
428,2021-03-02 14:00:00,127.9569,128.55,120.69,123.7,2404774
429,2021-03-02 13:30:00,129.18,133.2,127.2,127.85,2591136
430,2021-03-02 13:00:00,125.8,131.0,125.01,129.02,1679511
431,2021-03-02 12:30:00,124.6673,128.17,124.29,125.86,1592961
432,2021-03-02 12:00:00,125.9729,127.4,121.5,124.5844,2038654
433,2021-03-02 11:30:00,130.8288,132.4,123.68,126.0,2996152
434,2021-03-02 11:00:00,127.525,132.19,124.0,130.5327,4417172
435,2021-03-02 10:30:00,119.69,129.5,117.76,127.3875,2939524
436,2021-03-02 10:00:00,116.93,126.89,112.2,119.4501,5136653
437,2021-03-02 09:30:00,117.34,118.4,116.01,117.09,119225
438,2021-03-02 09:00:00,116.91,117.8,116.5,117.35,48599
439,2021-03-02 08:30:00,116.56,119.0,115.2,117.0,89358
440,2021-03-02 08:00:00,116.82,118.23,116.8,117.25,31106
441,2021-03-02 07:30:00,116.78,119.0,116.5,117.0,46494
442,2021-03-02 07:00:00,116.36,116.79,116.0,116.5,1886
443,2021-03-02 06:30:00,116.36,116.88,116.36,116.88,2813
444,2021-03-02 06:00:00,115.5,117.0,115.11,115.52,3985
445,2021-03-02 05:30:00,115.8,115.8,114.87,115.3,3834
446,2021-03-02 05:00:00,114.55,115.7,114.0,115.7,5421
447,2021-03-02 04:30:00,117.25,117.25,112.0,114.0,19954
448,2021-03-01 20:00:00,114.25,115.8,113.0,115.56,75608
449,2021-03-01 19:30:00,113.51,114.98,113.11,114.34,28658
450,2021-03-01 19:00:00,114.85,115.5,113.5,113.5,56793
451,2021-03-01 18:30:00,117.11,117.75,112.0,114.7,172253
452,2021-03-01 18:00:00,117.2,118.65,116.0,117.49,98061
453,2021-03-01 17:30:00,115.79,120.4,115.0,117.0,149027
454,2021-03-01 17:00:00,121.43,121.43,115.39,115.54,306162
455,2021-03-01 16:30:00,119.65,123.31,116.26,121.13,634178
456,2021-03-01 16:00:00,123.65,126.0,116.0,119.49,5917387
457,2021-03-01 15:30:00,115.2,133.99,115.2,123.7399,8927549
458,2021-03-01 15:00:00,112.7829,118.5,112.7829,115.2346,3211380
459,2021-03-01 14:30:00,112.2,114.0,111.0,112.7701,1379770
460,2021-03-01 14:00:00,110.2799,114.44,109.8,112.2,2308243
461,2021-03-01 13:30:00,107.9384,111.44,107.92,110.27,1196193
462,2021-03-01 13:00:00,110.9442,113.2999,107.25,107.85,2478962
463,2021-03-01 12:30:00,113.69,119.7799,109.21,110.9484,5165801
464,2021-03-01 12:00:00,107.0834,116.84,105.6,113.9999,4063028
465,2021-03-01 11:30:00,103.5076,109.4,103.41,107.2969,2324814
466,2021-03-01 11:00:00,103.04899999999999,105.5,102.5,103.68,1353263
467,2021-03-01 10:30:00,103.39,109.89,102.0,103.15,3287199
468,2021-03-01 10:00:00,104.54,112.0,99.97,103.2,5296599
469,2021-03-01 09:30:00,106.79,106.79,101.0,104.53,341555
470,2021-03-01 09:00:00,107.17,107.7,104.22,106.51,184956
471,2021-03-01 08:30:00,107.5,111.0,106.53,107.08,260573
472,2021-03-01 08:00:00,108.0,111.0,107.04,109.3,168960
473,2021-03-01 07:30:00,107.93,108.94,106.51,108.0,167581
474,2021-03-01 07:00:00,106.8,108.13,106.52,108.12,23221
475,2021-03-01 06:30:00,106.72,106.72,104.94,106.5,17070
476,2021-03-01 06:00:00,105.92,107.5,105.72,106.17,14139
477,2021-03-01 05:30:00,105.74,105.93,104.45,105.92,16660
478,2021-03-01 05:00:00,106.56,106.79,104.0,104.61,26136
479,2021-03-01 04:30:00,107.5,111.0,104.11,105.99,119939
480,2021-02-26 20:00:00,97.63,99.72,97.2,99.5,116103
481,2021-02-26 19:30:00,98.7,98.81,97.3,97.7,58110
482,2021-02-26 19:00:00,97.9,98.85,97.5,98.6,50660
483,2021-02-26 18:30:00,98.06,100.0,97.1,97.53,93513
484,2021-02-26 18:00:00,99.91,99.97,96.5,98.02,216523
485,2021-02-26 17:30:00,100.31,100.95,99.0,99.91,158407
486,2021-02-26 17:00:00,101.2,101.98,98.0,100.69,448466
487,2021-02-26 16:30:00,101.74,111.87,101.12,101.33,824214
488,2021-02-26 16:00:00,109.04,111.18,100.0,101.5999,5421896
489,2021-02-26 15:30:00,117.13,121.43,107.0,109.33,6945801
490,2021-02-26 15:00:00,101.79,125.0,100.3,116.9362,10229661
491,2021-02-26 14:30:00,102.4,103.12,97.0,101.7099,3286940
492,2021-02-26 14:00:00,99.6392,103.9,97.55,102.395,4137145
493,2021-02-26 13:30:00,87.4,112.75,86.0,99.4312,7945147
494,2021-02-26 13:00:00,93.5532,95.39,86.01,87.3864,7055513
495,2021-02-26 12:30:00,106.7924,108.51,92.0,93.07,5768281
496,2021-02-26 12:00:00,113.97,116.99,97.6801,106.82,7167074
497,2021-02-26 11:30:00,125.01,126.0,112.15,113.62,3926841
498,2021-02-26 11:00:00,120.09,126.0,117.33,125.5699,3676084
499,2021-02-26 10:30:00,126.63,128.0,112.25,120.5855,7653489
500,2021-02-26 10:00:00,117.46,142.9,114.5,126.9999,12901805
501,2021-02-26 09:30:00,120.41,124.9,116.0,117.0,877865
502,2021-02-26 09:00:00,121.65,123.92,118.3,120.3,374489
503,2021-02-26 08:30:00,120.25,129.9701,115.6,121.77,867510
504,2021-02-26 08:00:00,126.0,130.0,120.66,122.69,670581
505,2021-02-26 07:30:00,119.98,128.89,118.0,126.0,689714
506,2021-02-26 07:00:00,118.0,121.55,117.0,120.05,68003
507,2021-02-26 06:30:00,119.4,119.9,117.5,117.8,81203
508,2021-02-26 06:00:00,116.99,119.3,115.62,119.3,24566
509,2021-02-26 05:30:00,115.0,119.48,113.0,116.8,70929
510,2021-02-26 05:00:00,118.8,120.19,113.7,114.77,93864
511,2021-02-26 04:30:00,115.0,122.63,112.5,119.0,280126
512,2021-02-25 20:00:00,112.0,113.78,100.0,106.0,410456
513,2021-02-25 19:30:00,104.65,113.0,104.5001,112.1,285720
514,2021-02-25 19:00:00,101.3,106.7,100.27,105.0,252833
515,2021-02-25 18:30:00,100.51,105.0,100.2501,101.11,222376
516,2021-02-25 18:00:00,110.0,110.0,100.25,100.51,456045
517,2021-02-25 17:30:00,101.3,115.75,100.17,109.8,830653
518,2021-02-25 17:00:00,103.05,115.23,94.01,102.0,1286782
519,2021-02-25 16:30:00,108.71,123.8,94.0,103.16,2581463
520,2021-02-25 16:00:00,144.62,144.75,101.0,109.1599,11593983
521,2021-02-25 15:30:00,147.34,149.67,131.0,144.1909,5940926
522,2021-02-25 15:00:00,143.7327,155.44,138.1501,147.3601,7049951
523,2021-02-25 14:30:00,155.3694,156.0,126.3,143.7609,9480764
524,2021-02-25 14:00:00,170.45,180.0,140.72,154.615,10404196
525,2021-02-25 13:30:00,177.0848,178.5,161.01,170.4799,10457464
526,2021-02-25 13:00:00,149.2261,184.68,139.99,177.38,10433542
527,2021-02-25 12:30:00,133.5505,157.76,133.14,149.0,10389244
528,2021-02-25 12:00:00,137.6951,140.0,126.01,133.68,4933415
529,2021-02-25 11:30:00,138.5069,141.79,122.5,137.6894,7396708
530,2021-02-25 11:00:00,126.59,152.0,124.0392,138.52,12505108
531,2021-02-25 10:30:00,125.4,135.45,114.0199,125.7909,14907558
532,2021-02-25 10:00:00,169.56,170.01,101.2,119.43,13855065
533,2021-02-25 09:30:00,166.09,175.45,135.72,169.36,4259358
534,2021-02-25 09:00:00,151.9,167.0,136.0,164.99,2054285
535,2021-02-25 08:30:00,153.39,166.99,136.0,151.5,2639028
536,2021-02-25 08:00:00,141.97,156.19,135.75,153.3,1519961
537,2021-02-25 07:30:00,150.06,168.0,136.89,141.97,2391118
538,2021-02-25 07:00:00,141.71,154.5,141.02,150.02,373383
539,2021-02-25 06:30:00,145.0,148.55,136.62,141.98,194996
540,2021-02-25 06:00:00,140.66,149.0,140.0,145.7,293843
541,2021-02-25 05:30:00,132.55,142.39,128.42,141.0,273411
542,2021-02-25 05:00:00,140.0,148.0,117.17,133.0,631661
543,2021-02-25 04:30:00,153.3,167.5,133.4,139.98,811765
544,2021-02-24 20:00:00,188.94,194.0,166.0,168.0,1987072
545,2021-02-24 19:30:00,173.08,190.0,166.0,189.0,1627352
546,2021-02-24 19:00:00,157.01,176.0,153.5,173.33,2302505
547,2021-02-24 18:30:00,148.13,158.51,143.0099,157.0,1891352
548,2021-02-24 18:00:00,147.98,159.74,131.8,148.62,3532981
549,2021-02-24 17:30:00,157.0,159.02,130.0,147.98,5840687
550,2021-02-24 17:00:00,117.69,200.0,115.0,157.01,12548296
551,2021-02-24 16:30:00,91.68,128.05,81.11,117.79,11479153
552,2021-02-24 16:00:00,62.34,91.7,62.0,91.7,14676554
553,2021-02-24 15:30:00,52.42,63.9959,52.26,62.3383,12255069
554,2021-02-24 15:00:00,49.73,53.76,49.41,52.41,3832709
555,2021-02-24 14:30:00,49.46,49.79,48.75,49.7,485401
556,2021-02-24 14:00:00,48.45,49.4599,48.25,49.4536,468722
557,2021-02-24 13:30:00,48.3408,48.64,47.97,48.5,194931
558,2021-02-24 13:00:00,48.5348,48.7199,47.7844,48.3001,428969
559,2021-02-24 12:30:00,49.0,49.0,48.48,48.53,460299
560,2021-02-24 12:00:00,48.05,49.0,47.8,49.0,681360
561,2021-02-24 11:30:00,48.715,50.56,47.5,48.07,2157008
562,2021-02-24 11:00:00,47.5899,49.575,47.0,48.79,1924673
563,2021-02-24 10:30:00,46.6,48.8677,46.05,47.485,1992264
564,2021-02-24 10:00:00,44.7,47.5,44.7,46.5996,1676439
565,2021-02-24 09:30:00,44.83,45.25,44.0,44.8,52777
566,2021-02-24 09:00:00,44.25,45.25,44.25,44.75,43452
567,2021-02-24 08:30:00,44.42,44.58,43.98,44.11,24356
568,2021-02-24 08:00:00,44.2,44.5,44.11,44.29,7693
569,2021-02-24 07:30:00,44.4,44.69,44.0,44.38,17733
570,2021-02-24 07:00:00,44.5,44.5,44.01,44.01,602
571,2021-02-24 06:30:00,43.99,43.99,43.99,43.99,419
572,2021-02-24 06:00:00,43.99,43.99,43.99,43.99,118
573,2021-02-24 05:30:00,43.76,44.0,43.72,44.0,1218
574,2021-02-24 05:00:00,44.0,44.0,44.0,44.0,299
575,2021-02-24 04:30:00,44.97,44.97,44.0,44.0,1336
576,2021-02-23 20:00:00,43.46,43.9,43.2,43.72,13850
577,2021-02-23 19:30:00,43.87,44.0,43.01,43.01,17327
578,2021-02-23 19:00:00,43.5,44.35,43.45,43.85,13809
579,2021-02-23 18:30:00,43.0,43.5,43.0,43.4,5272
580,2021-02-23 18:00:00,43.01,43.1,42.66,43.0,36521
581,2021-02-23 17:30:00,43.24,43.55,42.69,43.0,102479
582,2021-02-23 17:00:00,44.93,45.0,42.9,43.21,321397
583,2021-02-23 16:30:00,45.11,45.24,44.5,44.94,34243
584,2021-02-23 16:00:00,44.6,45.4299,44.22,44.94,486744
585,2021-02-23 15:30:00,44.91,45.2,44.0,44.4729,348809
586,2021-02-23 15:00:00,44.8453,44.96,43.82,44.95,287180
587,2021-02-23 14:30:00,44.1,44.88,44.08,44.84,427541
588,2021-02-23 14:00:00,44.0354,44.3699,43.5,44.24,283704
589,2021-02-23 13:30:00,43.0601,44.0409,42.9409,44.0409,264417
590,2021-02-23 13:00:00,43.5,43.52,42.85,43.1317,219154
591,2021-02-23 12:30:00,43.39,43.5499,42.6101,43.5,293820
592,2021-02-23 12:00:00,43.49,43.63,42.43,43.47,472308
593,2021-02-23 11:30:00,43.32,44.32,43.25,43.5,397361
594,2021-02-23 11:00:00,43.865,43.98,42.36,43.28,471282
595,2021-02-23 10:30:00,43.5436,44.47,42.52,43.9575,603583
596,2021-02-23 10:00:00,44.97,46.23,40.0,43.7,2176520
597,2021-02-23 09:30:00,44.51,45.49,44.42,44.57,81365
598,2021-02-23 09:00:00,45.0,45.25,44.2,44.37,39272
599,2021-02-23 08:30:00,43.89,45.55,43.8,44.9998,81578
600,2021-02-23 08:00:00,44.99,45.1,43.82,43.84,19754
601,2021-02-23 07:30:00,44.52,45.24,44.25,44.99,28279
602,2021-02-23 07:00:00,43.6,44.4,42.87,44.4,23742
603,2021-02-23 06:30:00,43.8,44.4,43.8,43.8,3688
604,2021-02-23 06:00:00,44.3,44.51,43.8,43.8,8902
605,2021-02-23 05:30:00,46.14,46.15,43.85,44.23,21574
606,2021-02-23 05:00:00,47.24,47.24,45.8,46.15,4713
607,2021-02-23 04:30:00,46.0,47.7,46.0,47.3,6007
608,2021-02-22 20:00:00,46.33,47.6,45.81,47.5,50771
609,2021-02-22 19:30:00,46.43,46.43,46.05,46.07,13743
610,2021-02-22 19:00:00,45.8,46.5,45.7,46.05,19414
611,2021-02-22 18:30:00,46.51,46.59,45.84,45.84,75750
612,2021-02-22 18:00:00,47.39,47.5,46.51,46.51,47512
613,2021-02-22 17:30:00,47.47,48.16,46.91,47.2001,51420
614,2021-02-22 17:00:00,47.81,48.5,46.65,47.5,254284
615,2021-02-22 16:30:00,45.9,48.0,45.51,47.6201,226215
616,2021-02-22 16:00:00,45.01,46.0,43.735,45.79,1363701
617,2021-02-22 15:30:00,46.55,46.79,44.34,45.03,1237198
618,2021-02-22 15:00:00,45.54,46.85,44.55,46.54,1113238
619,2021-02-22 14:30:00,44.8,45.71,44.63,45.5747,528610
620,2021-02-22 14:00:00,43.7583,45.15,43.644,44.7928,422224
621,2021-02-22 13:30:00,43.9966,44.17,43.55,43.7125,319177
622,2021-02-22 13:00:00,44.1768,44.4089,43.6201,43.993,381094
623,2021-02-22 12:30:00,44.62,44.77,43.81,44.178999999999995,537453
624,2021-02-22 12:00:00,43.43,46.2,43.36,44.6,1695115
625,2021-02-22 11:30:00,42.58,44.05,42.5501,43.395,799170
626,2021-02-22 11:00:00,44.16,44.59,42.4,42.6696,1384050
627,2021-02-22 10:30:00,46.1001,46.47,43.33,44.19,2757175
628,2021-02-22 10:00:00,46.69,48.51,44.06,46.1001,5052073
629,2021-02-22 09:30:00,44.95,46.8,44.95,46.65,302106
630,2021-02-22 09:00:00,46.64,46.79,44.68,44.8999,176131
631,2021-02-22 08:30:00,44.8973,47.1,44.121,46.72,417501
632,2021-02-22 08:00:00,44.98,45.7,44.88,45.6,57475
633,2021-02-22 07:30:00,44.55,46.23,44.15,44.75,118232
634,2021-02-22 07:00:00,46.8,46.8,44.49,44.51,31243
635,2021-02-22 06:30:00,47.4,47.4,46.1,46.99,17870
636,2021-02-22 06:00:00,46.8,47.89,46.7,47.5,26022
637,2021-02-22 05:30:00,46.55,47.14,46.07,46.75,29285
638,2021-02-22 05:00:00,47.4,48.5,46.25,46.25,48813
639,2021-02-22 04:30:00,44.0,49.0,43.02,47.3,100907
640,2021-02-19 20:00:00,42.6201,43.0,42.6201,42.88,54014
641,2021-02-19 19:30:00,42.7999,42.82,42.25,42.7,28965
642,2021-02-19 19:00:00,42.86,42.98,42.5,42.71,36645
643,2021-02-19 18:30:00,42.9,43.18,42.85,42.85,41623
644,2021-02-19 18:00:00,43.0,43.55,42.85,42.85,340872
645,2021-02-19 17:30:00,42.9,43.15,42.27,42.91,111682
646,2021-02-19 17:00:00,43.47,43.8,41.74,42.8,362302
647,2021-02-19 16:30:00,40.67,44.0,40.2,43.49,147637
648,2021-02-19 16:00:00,39.87,40.98,39.86,40.6799,1126317
649,2021-02-19 15:30:00,39.035,40.45,39.0,39.84,1234275
650,2021-02-19 15:00:00,38.6009,39.29,38.5,39.04,786045
651,2021-02-19 14:30:00,39.32,39.38,38.55,38.6001,698643
652,2021-02-19 14:00:00,39.05,39.7,38.52,39.3466,713031
653,2021-02-19 13:30:00,40.1775,40.2199,38.7,39.0678,1077100
654,2021-02-19 13:00:00,41.49,41.5715,39.4,40.24,1688479
655,2021-02-19 12:30:00,41.8562,42.06,41.32,41.5476,299989
656,2021-02-19 12:00:00,41.87,42.09,41.51,41.9,355213
657,2021-02-19 11:30:00,42.7074,43.37,41.51,41.91,786754
658,2021-02-19 11:00:00,42.84,43.89,42.21,42.7001,1431137
659,2021-02-19 10:30:00,41.52,42.85,41.2,42.83,1518662
660,2021-02-19 10:00:00,41.28,42.108000000000004,40.56,41.56,1697544
661,2021-02-19 09:30:00,41.01,41.43,40.9,41.23,71796
662,2021-02-19 09:00:00,41.03,41.43,41.01,41.08,41626
663,2021-02-19 08:30:00,41.0999,41.25,40.52,41.03,55320
664,2021-02-19 08:00:00,40.75,41.25,40.67,40.96,17874
665,2021-02-19 07:30:00,40.93,41.48,40.5,40.75,28675
666,2021-02-19 07:00:00,40.71,41.0,40.71,41.0,4994
667,2021-02-19 06:30:00,41.4,41.4,40.55,40.55,5231
668,2021-02-19 06:00:00,41.58,41.58,41.4,41.4,1748
669,2021-02-19 05:30:00,41.6,41.72,41.6,41.66,755
670,2021-02-19 05:00:00,41.68,41.68,41.68,41.68,146
671,2021-02-19 04:30:00,40.2,41.75,40.2,41.75,6579
672,2021-02-18 20:00:00,40.58,40.58,40.11,40.2,33510
673,2021-02-18 19:30:00,40.5,40.68,40.4,40.5,12514
674,2021-02-18 19:00:00,40.61,40.84,40.49,40.5,13085
675,2021-02-18 18:30:00,40.89,40.89,40.45,40.6,27683
676,2021-02-18 18:00:00,40.9,40.96,40.76,40.86,24184
677,2021-02-18 17:30:00,40.71,40.85,40.42,40.85,27872
678,2021-02-18 17:00:00,40.3,40.98,40.17,40.71,93737
679,2021-02-18 16:30:00,40.69,40.99,40.0,40.17,127182
680,2021-02-18 16:00:00,42.02,42.1999,40.65,40.7,2839241
681,2021-02-18 15:30:00,43.0199,43.04,42.02,42.02,1025264
682,2021-02-18 15:00:00,43.83,43.98,42.69,43.0,1117557
683,2021-02-18 14:30:00,44.555,45.15,43.55,43.8518,1267710
684,2021-02-18 14:00:00,44.27,48.49,44.245,44.585,1762659
685,2021-02-18 13:30:00,46.05,46.1499,44.2301,44.2762,1986895
686,2021-02-18 13:00:00,44.0874,48.65,43.68,46.095,5537497
687,2021-02-18 12:30:00,43.9,45.0,43.22,44.0868,1617826
688,2021-02-18 12:00:00,43.83,44.5,43.6,43.9119,660882
689,2021-02-18 11:30:00,44.72,44.7929,43.31,43.85,1172276
690,2021-02-18 11:00:00,45.19,45.81,44.53,44.66,775634
691,2021-02-18 10:30:00,47.02,47.26,45.05,45.19,1005155
692,2021-02-18 10:00:00,48.49,48.87,46.24,47.2138,2175346
693,2021-02-18 09:30:00,48.29,50.22,47.56,48.49,344744
694,2021-02-18 09:00:00,46.7,48.51,46.7,48.28,265253
695,2021-02-18 08:30:00,46.7999,47.05,45.7001,46.7,55439
696,2021-02-18 08:00:00,45.96,46.0,45.8,46.0,6906
697,2021-02-18 07:30:00,46.51,47.04,45.9,45.9,25048
698,2021-02-18 07:00:00,46.35,46.8,46.35,46.7,3322
699,2021-02-18 06:30:00,46.0,46.0,45.91,46.0,3888
700,2021-02-18 06:00:00,46.03,46.03,46.0,46.0,1508
701,2021-02-18 05:30:00,46.27,46.27,46.27,46.27,137
702,2021-02-18 05:00:00,46.8,46.8,46.5,46.5,813
703,2021-02-18 04:30:00,47.0,47.0,46.0,46.93,6995
704,2021-02-17 20:00:00,46.1999,46.45,46.17,46.45,16394
705,2021-02-17 19:30:00,46.0801,46.25,46.0801,46.24,2989
706,2021-02-17 19:00:00,46.25,46.25,46.1,46.1,4796
707,2021-02-17 18:30:00,46.13,46.4,46.08,46.2,11222
708,2021-02-17 18:00:00,46.0,46.45,46.0,46.28,23431
709,2021-02-17 17:30:00,45.9,45.94,45.76,45.94,8357
710,2021-02-17 17:00:00,46.0,46.1,45.61,45.7801,22527
711,2021-02-17 16:30:00,45.58,46.01,45.58,45.89,28745
712,2021-02-17 16:00:00,45.74,46.49,45.37,45.845,1073173
713,2021-02-17 15:30:00,45.3621,45.89,45.05,45.74,592001
714,2021-02-17 15:00:00,44.946000000000005,45.97,44.56,45.5151,908128
715,2021-02-17 14:30:00,46.0901,46.34,44.5696,44.955,1099156
716,2021-02-17 14:00:00,46.58,46.833,46.02,46.0801,385383
717,2021-02-17 13:30:00,46.71,46.97,46.3,46.68,334214
718,2021-02-17 13:00:00,46.57,46.85,46.4,46.7125,190188
719,2021-02-17 12:30:00,47.14,47.15,46.28,46.66,294513
720,2021-02-17 12:00:00,46.9,47.23,46.22,47.1271,529556
721,2021-02-17 11:30:00,47.9,48.05,46.3,46.895,663513
722,2021-02-17 11:00:00,47.61,48.32,47.6,47.925,346163
723,2021-02-17 10:30:00,47.795,48.44,47.49,47.61,807370
724,2021-02-17 10:00:00,49.77,51.19,47.45,47.79,1788884
725,2021-02-17 09:30:00,49.53,49.68,49.4,49.61,25937
726,2021-02-17 09:00:00,49.29,49.9,49.27,49.5201,20139
727,2021-02-17 08:30:00,49.9734,50.1,49.1,49.2,27290
728,2021-02-17 08:00:00,49.58,49.58,49.15,49.21,4421
729,2021-02-17 07:30:00,49.5,50.07,49.33,49.53,11217
730,2021-02-17 07:00:00,49.13,49.13,49.13,49.13,773
731,2021-02-17 06:30:00,49.13,49.13,49.13,49.13,517
732,2021-02-17 06:00:00,49.5,49.5,49.5,49.5,424
733,2021-02-17 05:30:00,49.51,49.51,49.2,49.2,1033
734,2021-02-17 05:00:00,49.21,49.25,49.18,49.25,1499
735,2021-02-17 04:30:00,50.0,50.1,49.15,49.4,5100
736,2021-02-16 20:00:00,49.27,49.39,49.27,49.37,10765
737,2021-02-16 19:30:00,49.31,49.4299,49.25,49.3,5941
738,2021-02-16 19:00:00,49.28,49.46,49.25,49.4,6659
739,2021-02-16 18:30:00,49.12,49.28,49.11,49.28,9216
740,2021-02-16 18:00:00,49.11,49.29,49.1,49.11,14889
741,2021-02-16 17:30:00,49.35,49.35,49.15,49.15,17953
742,2021-02-16 17:00:00,49.59,50.0,49.15,49.27,59521
743,2021-02-16 16:30:00,49.51,49.7,49.31,49.59,28809
744,2021-02-16 16:00:00,49.5,49.8407,49.34,49.5,527518
745,2021-02-16 15:30:00,49.34,49.66,49.1709,49.535,245443
746,2021-02-16 15:00:00,49.28,49.7299,49.12,49.25,310885
747,2021-02-16 14:30:00,49.4399,49.74,49.04,49.2693,430417
748,2021-02-16 14:00:00,50.56,51.15,49.12,49.37,1001021
749,2021-02-16 13:30:00,49.74,50.67,49.6,50.56,402339
750,2021-02-16 13:00:00,49.9475,50.153,49.5177,49.8118,306900
751,2021-02-16 12:30:00,49.61,50.0399,49.1,49.8986,434462
752,2021-02-16 12:00:00,49.9,50.6,49.51,49.61,516587
753,2021-02-16 11:30:00,50.54,50.85,49.75,50.0,522272
754,2021-02-16 11:00:00,51.2,51.34,49.81,50.5,798902
755,2021-02-16 10:30:00,51.37,52.87,50.4123,51.11,1080810
756,2021-02-16 10:00:00,52.66,53.5,51.05,51.39,1232621
757,2021-02-16 09:30:00,52.25,52.7408,51.8,52.64,52550
758,2021-02-16 09:00:00,52.49,52.5499,52.05,52.4,17899
759,2021-02-16 08:30:00,52.6784,53.45,52.0,52.4,76881
760,2021-02-16 08:00:00,52.8,53.6,52.66,53.24,19837
761,2021-02-16 07:30:00,53.06,53.49,52.4,52.7,36303
762,2021-02-16 07:00:00,53.9,53.9,53.0,53.01,3604
763,2021-02-16 06:30:00,53.21,54.2,53.21,54.2,8150
764,2021-02-16 06:00:00,54.01,54.01,53.21,53.21,3555
765,2021-02-16 05:30:00,53.11,54.0,53.11,54.0,5109
766,2021-02-16 05:00:00,53.0,53.2,52.92,53.2,2668
767,2021-02-16 04:30:00,53.02,53.6,53.0,53.0,7391
768,2021-02-12 20:00:00,52.36,52.9,52.3,52.9,42290
769,2021-02-12 19:30:00,52.07,52.35,52.0,52.3,14542
770,2021-02-12 19:00:00,52.27,52.6,52.05,52.6,7538
771,2021-02-12 18:30:00,51.71,52.54,51.6201,52.54,11569
772,2021-02-12 18:00:00,51.9,52.2,51.75,51.75,16578
773,2021-02-12 17:30:00,51.94,52.1,51.81,51.85,19412
774,2021-02-12 17:00:00,51.7,51.93,51.7,51.9,30057
775,2021-02-12 16:30:00,52.4,52.4,51.25,51.7,34724
776,2021-02-12 16:00:00,51.3,52.45,51.23,52.33,993440
777,2021-02-12 15:30:00,51.34,52.1,51.17,51.31,582410
778,2021-02-12 15:00:00,50.5829,51.6,50.3,51.328,435684
779,2021-02-12 14:30:00,51.35,51.63,49.82,50.53,618077
780,2021-02-12 14:00:00,51.1,51.7071,50.79,51.36,390745
781,2021-02-12 13:30:00,52.225,53.26,50.6,51.025,927560
782,2021-02-12 13:00:00,53.26,55.24,51.7,52.2968,2251209
783,2021-02-12 12:30:00,52.1013,53.95,51.9,53.3699,991383
784,2021-02-12 12:00:00,52.2,53.8,51.38,52.2185,1536509
785,2021-02-12 11:30:00,53.56,53.56,51.1,52.2001,1828286
786,2021-02-12 11:00:00,49.58,54.14,49.3,53.68,1138971
787,2021-02-12 10:30:00,50.6672,50.81,49.34,49.6,617839
788,2021-02-12 10:00:00,50.75,54.0,48.05,50.725,1708070
789,2021-02-12 09:30:00,50.559,50.89,50.3,50.7,77213
790,2021-02-12 09:00:00,51.06,51.1799,50.5255,50.9,36792
791,2021-02-12 08:30:00,50.7,51.55,50.325,50.91,41654
792,2021-02-12 08:00:00,50.91,51.27,50.89,51.27,4909
793,2021-02-12 07:30:00,50.57,51.55,50.42,51.05,20871
794,2021-02-12 07:00:00,50.13,50.13,50.12,50.12,576
795,2021-02-12 06:30:00,50.15,50.15,50.15,50.15,553
796,2021-02-12 06:00:00,50.09,50.09,50.09,50.09,302
797,2021-02-12 05:30:00,50.29,50.3,50.29,50.3,502
798,2021-02-12 05:00:00,50.46,51.0,50.46,51.0,1457
799,2021-02-12 04:30:00,50.6,50.6,49.21,49.21,1506
800,2021-02-11 20:00:00,50.18,50.5,50.05,50.28,26483
801,2021-02-11 19:30:00,50.27,50.29,50.0,50.08,8709
802,2021-02-11 19:00:00,49.7,50.25,49.5,50.25,16573
803,2021-02-11 18:30:00,49.2,49.75,49.2,49.5,6931
804,2021-02-11 18:00:00,49.35,50.0,48.93,49.5,62354
805,2021-02-11 17:30:00,50.16,51.1,49.35,49.35,29307
806,2021-02-11 17:00:00,49.84,50.43,49.84,50.13,21384
807,2021-02-11 16:30:00,50.6,51.1,49.84,49.84,84571
808,2021-02-11 16:00:00,49.05,52.25,48.81,50.9,1973091
809,2021-02-11 15:30:00,48.69,49.35,48.51,49.05,342440
810,2021-02-11 15:00:00,48.9,49.14,48.62,48.7263,255074
811,2021-02-11 14:30:00,48.71,49.1,48.2201,48.91,436699
812,2021-02-11 14:00:00,49.0998,49.74,48.57,48.61,574866
813,2021-02-11 13:30:00,49.0275,49.4546,48.38,49.14,616006
814,2021-02-11 13:00:00,48.4001,49.2772,48.23,48.88,483212
815,2021-02-11 12:30:00,49.09,49.3,48.24,48.4,801288
816,2021-02-11 12:00:00,49.1,50.2683,48.87,49.1105,760404
817,2021-02-11 11:30:00,50.1811,50.23,48.65,48.9601,1038399
818,2021-02-11 11:00:00,50.77,50.8299,49.7871,50.185,666986
819,2021-02-11 10:30:00,52.13,52.2999,49.27,50.68,1450070
820,2021-02-11 10:00:00,50.01,55.32,49.97,52.215,3059163
821,2021-02-11 09:30:00,50.17,50.6,49.7,50.27,99016
822,2021-02-11 09:00:00,50.46,50.51,50.2,50.26,36048
823,2021-02-11 08:30:00,50.0001,50.98,49.6,50.49,66802
824,2021-02-11 08:00:00,50.07,50.2,49.62,50.2,35405
825,2021-02-11 07:30:00,50.32,51.0,49.69,50.0,35427
826,2021-02-11 07:00:00,50.5,51.0,50.39,50.39,2107
827,2021-02-11 06:30:00,50.66,51.2,50.55,51.2,3943
828,2021-02-11 06:00:00,50.01,51.5,49.97,51.0,6848
829,2021-02-11 05:30:00,50.0,50.0,49.56,50.0,3211
830,2021-02-11 05:00:00,49.61,50.0,49.35,49.67,3479
831,2021-02-11 04:30:00,49.49,50.47,49.35,49.72,10639
832,2021-02-10 20:00:00,50.0,50.18,49.85,49.9,31206
833,2021-02-10 19:30:00,49.9499,50.0,49.75,50.0,19050
834,2021-02-10 19:00:00,49.66,50.0,49.66,49.99,12558
835,2021-02-10 18:30:00,50.2,50.25,49.65,49.65,37598
836,2021-02-10 18:00:00,49.7,50.4,49.65,50.2,40217
837,2021-02-10 17:30:00,49.47,51.2,49.45,49.7,160583
838,2021-02-10 17:00:00,49.78,50.18,49.41,49.47,128624
839,2021-02-10 16:30:00,51.23,51.78,49.4,49.78,188532
840,2021-02-10 16:00:00,51.0899,52.5,50.56,51.19,1634260
841,2021-02-10 15:30:00,53.11,53.4499,50.48,50.92,1407413
842,2021-02-10 15:00:00,54.2172,54.87,52.35,53.2817,1576526
843,2021-02-10 14:30:00,56.35,56.87,53.2,54.03,2200558
844,2021-02-10 14:00:00,61.53,62.76,55.56,56.345,3844197
845,2021-02-10 13:30:00,55.9,62.83,55.7,61.53,5870897
846,2021-02-10 13:00:00,54.66,56.8,53.86,55.8101,2591571
847,2021-02-10 12:30:00,52.645,54.94,51.12,54.46,1451733
848,2021-02-10 12:00:00,50.99,54.4199,50.5,52.53,1636807
849,2021-02-10 11:30:00,49.5974,53.76,49.57,50.6601,1891903
850,2021-02-10 11:00:00,49.1527,50.97,48.29,49.77,1368906
851,2021-02-10 10:30:00,50.4999,57.8,48.16,49.25,5686009
852,2021-02-10 10:00:00,50.77,50.8327,46.55,50.49,3945934
853,2021-02-10 09:30:00,51.0,52.29,50.5,50.5,184303
854,2021-02-10 09:00:00,51.28,52.2999,50.69,50.99,92045
855,2021-02-10 08:30:00,49.5,53.5,48.6,51.25,190478
856,2021-02-10 08:00:00,51.8,52.0,50.7,51.15,55911
857,2021-02-10 07:30:00,48.81,53.49,48.45,51.75,151592
858,2021-02-10 07:00:00,48.25,48.7,48.25,48.7,9605
859,2021-02-10 06:30:00,48.7,48.7,48.25,48.43,2966
860,2021-02-10 06:00:00,48.75,49.25,48.0,48.5,14670
861,2021-02-10 05:30:00,50.3,50.3,48.75,48.75,13640
862,2021-02-10 05:00:00,50.4,51.0,50.2,50.35,9436
863,2021-02-10 04:30:00,50.0,53.0,50.0,51.0,27563
864,2021-02-09 20:00:00,50.39,50.58,49.9,49.99,69548
865,2021-02-09 19:30:00,50.25,50.83,50.25,50.42,37892
866,2021-02-09 19:00:00,50.8,50.93,50.0,50.25,78339
867,2021-02-09 18:30:00,51.54,51.69,50.5,50.76,74707
868,2021-02-09 18:00:00,52.2,52.2,51.2,51.45,60284
869,2021-02-09 17:30:00,52.0,52.55,51.51,52.4,99286
870,2021-02-09 17:00:00,55.06,55.19,51.0,52.0,314478
871,2021-02-09 16:30:00,49.36,56.2,49.36,55.06,664655
872,2021-02-09 16:00:00,49.6367,50.35,48.73,50.32,1321602
873,2021-02-09 15:30:00,50.9499,50.9499,49.217,49.6267,918496
874,2021-02-09 15:00:00,49.2952,51.5,49.2,50.8807,1034887
875,2021-02-09 14:30:00,48.8749,49.6299,48.6001,49.2955,670208
876,2021-02-09 14:00:00,48.61,48.8699,48.2201,48.8699,632012
877,2021-02-09 13:30:00,48.6101,49.3899,48.0,48.5,971882
878,2021-02-09 13:00:00,50.0601,50.19,48.5,48.7399,1189886
879,2021-02-09 12:30:00,48.54,50.755,48.4578,50.07,1718915
880,2021-02-09 12:00:00,48.507,49.55,47.2,48.5379,2194422
881,2021-02-09 11:30:00,49.19,49.2,46.52,48.57,3591852
882,2021-02-09 11:00:00,50.6699,51.43,48.12,49.05,3587653
883,2021-02-09 10:30:00,53.6,53.68,50.31,50.665,3082630
884,2021-02-09 10:00:00,56.61,57.0,52.06,53.63,3938473
885,2021-02-09 09:30:00,56.7,58.05,55.8,55.93,186326
886,2021-02-09 09:00:00,55.98,56.99,55.98,56.7,83515
887,2021-02-09 08:30:00,56.67,57.51,55.13,55.95,148288
888,2021-02-09 08:00:00,56.3,56.59,55.5,55.5,46915
889,2021-02-09 07:30:00,56.8,57.5,56.0,56.15,70542
890,2021-02-09 07:00:00,55.3,56.8,55.2,56.8,9948
891,2021-02-09 06:30:00,56.77,56.77,55.0,55.49,24160
892,2021-02-09 06:00:00,56.7,57.09,56.7,57.0,3141
893,2021-02-09 05:30:00,56.55,56.86,56.5,56.5,11285
894,2021-02-09 05:00:00,57.0,57.1,56.2,57.0,10943
895,2021-02-09 04:30:00,59.8,61.0,56.3,57.0,35954
896,2021-02-08 20:00:00,59.4,59.5,58.9,59.5,44310
897,2021-02-08 19:30:00,59.79,59.8,59.42,59.42,15032
898,2021-02-08 19:00:00,59.52,59.8,59.35,59.78,27402
899,2021-02-08 18:30:00,59.59,59.65,59.5,59.51,20882
900,2021-02-08 18:00:00,59.7,59.7,59.5,59.6,23876
901,2021-02-08 17:30:00,59.5,59.65,59.35,59.6,25719
902,2021-02-08 17:00:00,59.37,59.8,59.35,59.59,54718
903,2021-02-08 16:30:00,60.0,60.0,58.56,59.43,70937
904,2021-02-08 16:00:00,58.7,60.5,58.22,59.9599,1571310
905,2021-02-08 15:30:00,58.88,59.25,58.6,58.73,827032
906,2021-02-08 15:00:00,59.0875,59.49,58.7175,58.8001,632688
907,2021-02-08 14:30:00,59.68,59.76,58.3,59.203,1099601
908,2021-02-08 14:00:00,59.8,60.38,59.25,59.6623,646611
909,2021-02-08 13:30:00,60.15,70.89,59.5631,59.6561,1403071
910,2021-02-08 13:00:00,59.1137,60.75,58.7301,60.15,1236357
911,2021-02-08 12:30:00,59.6273,59.84,58.68,58.9452,1067385
912,2021-02-08 12:00:00,60.0786,60.3099,58.02,59.65,1592647
913,2021-02-08 11:30:00,60.745,61.41,59.52,60.0,1163494
914,2021-02-08 11:00:00,61.0329,63.5,59.26,60.75,2211504
915,2021-02-08 10:30:00,64.61,70.6,58.27,61.1699,4432860
916,2021-02-08 10:00:00,72.41,72.66,63.3512,64.65,5834733
917,2021-02-08 09:30:00,69.66,73.5,68.56,72.21,581418
918,2021-02-08 09:00:00,68.07,69.55,67.2,69.55,165473
919,2021-02-08 08:30:00,69.39,73.0,67.0,68.05,344703
920,2021-02-08 08:00:00,70.0,70.6,68.62,69.48,150283
921,2021-02-08 07:30:00,70.5,72.99,69.69,70.0,337145
922,2021-02-08 07:00:00,72.81,73.27,70.3,71.45,47307
923,2021-02-08 06:30:00,70.94,75.8,70.94,73.2,66785
924,2021-02-08 06:00:00,70.34,72.4,70.0,71.0,44572
925,2021-02-08 05:30:00,69.2,70.59,69.2,70.15,17665
926,2021-02-08 05:00:00,69.8,69.88,68.5,69.0,19743
927,2021-02-08 04:30:00,68.1,72.3,65.16,69.5,82173
928,2021-02-05 20:00:00,67.4499,68.0,66.46,66.46,144854
929,2021-02-05 19:30:00,67.2,67.52,66.5,67.45,75113
930,2021-02-05 19:00:00,69.21,69.21,66.5,67.2,126437
931,2021-02-05 18:30:00,69.56,72.0,67.01,69.28,320017
932,2021-02-05 18:00:00,64.53,70.47,64.53,69.51,291836
933,2021-02-05 17:30:00,64.68,65.55,64.53,64.95,183005
934,2021-02-05 17:00:00,63.51,66.49,63.25,64.87,289317
935,2021-02-05 16:30:00,64.2,65.97,62.0,63.55,372129
936,2021-02-05 16:00:00,60.775,66.47,60.7,63.7601,4430279
937,2021-02-05 15:30:00,60.83,63.0,59.0,60.7,1961341
938,2021-02-05 15:00:00,60.56399999999999,62.78,60.2401,60.8201,1781915
939,2021-02-05 14:30:00,61.0,62.3399,58.85,60.67,1887588
940,2021-02-05 14:00:00,62.385,64.4499,57.26,61.0,3866064
941,2021-02-05 13:30:00,63.7383,64.5,62.3,62.5199,1467424
942,2021-02-05 13:00:00,65.663,65.8799,62.16,63.55,2408529
943,2021-02-05 12:30:00,64.293,65.8899,58.86,65.88,4166543
944,2021-02-05 12:00:00,69.6999,69.6999,61.54,64.39,6477997
945,2021-02-05 11:30:00,70.8226,74.45,68.28,69.34,4620386
946,2021-02-05 11:00:00,70.9,76.7999,67.12,70.8185,8302442
947,2021-02-05 10:30:00,82.77,95.0,65.372,70.8985,17267997
948,2021-02-05 10:00:00,54.04,82.77,51.09,82.77,17625946
949,2021-02-05 09:30:00,57.2,57.6,53.5,54.29,708607
950,2021-02-05 09:00:00,57.7,58.3,54.56,57.16,430464
951,2021-02-05 08:30:00,59.09,59.99,54.56,57.8,833379
952,2021-02-05 08:00:00,56.24,59.2,55.51,59.09,311164
953,2021-02-05 07:30:00,58.0,58.13,54.56,56.4,503568
954,2021-02-05 07:00:00,57.3,59.3,57.11,58.75,29036
955,2021-02-05 06:30:00,59.52,59.52,57.25,57.3,44428
956,2021-02-05 06:00:00,60.87,61.7,59.0,59.33,42227
957,2021-02-05 05:30:00,60.87,62.6,59.9,60.67,77878
958,2021-02-05 05:00:00,58.31,61.35,56.5,60.87,134940
959,2021-02-05 04:30:00,53.5,64.8,53.5,58.6,347412
960,2021-02-04 20:00:00,50.73,50.73,49.0,49.17,212798
961,2021-02-04 19:30:00,50.2,50.94,49.56,50.51,117368
962,2021-02-04 19:00:00,50.78,51.14,49.51,50.2,111013
963,2021-02-04 18:30:00,50.11,51.24,49.4,50.98,213632
964,2021-02-04 18:00:00,50.54,52.75,49.0,50.25,416949
965,2021-02-04 17:30:00,53.17,53.17,50.5,50.6,435928
966,2021-02-04 17:00:00,52.21,53.65,51.55,53.15,383965
967,2021-02-04 16:30:00,53.47,54.39,51.45,52.11,725298
968,2021-02-04 16:00:00,57.5299,57.95,53.33,53.378,4282923
969,2021-02-04 15:30:00,58.2301,58.4999,55.35,57.3,3432961
970,2021-02-04 15:00:00,59.3001,61.98,58.23,58.23,2507131
971,2021-02-04 14:30:00,60.17,60.5,58.0,59.375,2238242
972,2021-02-04 14:00:00,59.6395,61.55,58.5,60.0001,3310398
973,2021-02-04 13:30:00,64.4999,64.4999,57.2,59.43,6530216
974,2021-02-04 13:00:00,68.7618,69.2499,63.5,64.31,2350128
975,2021-02-04 12:30:00,68.7738,71.3,65.03,68.57,3837282
976,2021-02-04 12:00:00,63.5,76.01,62.05,68.5801,7023153
977,2021-02-04 11:30:00,71.2901,73.6399,63.2,63.51,8085751
978,2021-02-04 11:00:00,74.6624,79.7099,70.5,71.4,5288274
979,2021-02-04 10:30:00,83.28,86.0,73.88,74.81,4944961
980,2021-02-04 10:00:00,91.19,91.5,81.05,83.39,5181676
981,2021-02-04 09:30:00,95.0,95.6,90.8,91.01,263464
982,2021-02-04 09:00:00,93.9,95.6,93.7,94.93,105077
983,2021-02-04 08:30:00,95.0,95.0,92.0,93.9,177154
984,2021-02-04 08:00:00,92.99,94.5,92.99,94.5,66245
985,2021-02-04 07:30:00,95.53,95.53,92.0,92.97,140480
986,2021-02-04 07:00:00,96.0,96.24,95.13,95.13,2935
987,2021-02-04 06:30:00,96.93,97.0,95.0,95.2,6279
988,2021-02-04 06:00:00,96.25,97.0,95.5,96.75,8493
989,2021-02-04 05:30:00,93.6,96.5,93.6,96.5,12521
990,2021-02-04 05:00:00,93.75,96.0,93.5,93.57,14384
991,2021-02-04 04:30:00,92.3,100.01,92.3,93.4,47983
992,2021-02-03 20:00:00,89.0,89.35,87.37,88.88,117634
993,2021-02-03 19:30:00,89.3,89.5,88.5,89.0,67488
994,2021-02-03 19:00:00,90.29,90.35,89.5,89.6,49236
995,2021-02-03 18:30:00,91.9,91.9,90.0,90.25,21407
996,2021-02-03 18:00:00,89.61,92.03,89.6,92.0,60374
997,2021-02-03 17:30:00,91.47,91.5,88.95,89.6,94931
998,2021-02-03 17:00:00,90.0,92.99,89.46,90.6,158829
999,2021-02-03 16:30:00,92.27,93.36,88.1,90.0,256722
1000,2021-02-03 16:00:00,92.45,95.8,90.59,92.0431,1868072
1001,2021-02-03 15:30:00,98.01,100.3745,91.5701,92.45,1922519
1002,2021-02-03 15:00:00,102.9599,104.75,93.55,97.94,1931587
1003,2021-02-03 14:30:00,107.01,107.7599,100.0,102.8949,1945800
1004,2021-02-03 14:00:00,101.1278,109.5983,97.46,107.4999,3051451
1005,2021-02-03 13:30:00,99.7,106.0,99.55,101.4548,2744738
1006,2021-02-03 13:00:00,98.1299,102.71,95.1,99.97,2180220
1007,2021-02-03 12:30:00,94.0,100.0,92.5,98.1167,1816562
1008,2021-02-03 12:00:00,94.06,96.74,90.5,93.55,1684773
1009,2021-02-03 11:30:00,99.0501,99.8799,90.94,93.92,2164883
1010,2021-02-03 11:00:00,90.5999,104.35,89.0142,99.43,4454343
1011,2021-02-03 10:30:00,93.2799,95.46,85.25,90.3002,4187679
1012,2021-02-03 10:00:00,112.01,113.3999,90.49,92.89,7638847
1013,2021-02-03 09:30:00,93.4,121.36,93.4,112.66,2393750
1014,2021-02-03 09:00:00,89.9,96.8,88.3,93.35,465814
1015,2021-02-03 08:30:00,89.82,94.0,85.26,89.36,297622
1016,2021-02-03 08:00:00,88.4,92.7,88.21,89.86,187025
1017,2021-02-03 07:30:00,91.11,94.5,85.25,88.8,540986
1018,2021-02-03 07:00:00,96.3,97.7,90.01,91.44,85879
1019,2021-02-03 06:30:00,96.3,99.9,93.3,97.0,77781
1020,2021-02-03 06:00:00,101.9,106.0,92.6,96.0,163455
1021,2021-02-03 05:30:00,87.35,106.0,85.0,101.8,177733
1022,2021-02-03 05:00:00,87.0,87.2,81.31,87.2,48985
1023,2021-02-03 04:30:00,78.33,88.75,73.31,86.7,213883
1024,2021-02-02 20:00:00,88.88,88.9,85.0,85.2,234752
1025,2021-02-02 19:30:00,90.0,90.5,88.02,88.88,53356
1026,2021-02-02 19:00:00,91.5,92.45,88.0,90.0,102347
1027,2021-02-02 18:30:00,92.0,94.0,91.0,91.3,129780
1028,2021-02-02 18:00:00,88.5,96.0,88.4999,92.0,306546
1029,2021-02-02 17:30:00,88.82,89.5,86.01,88.47,169806
1030,2021-02-02 17:00:00,89.15,90.0,85.33,88.78,337012
1031,2021-02-02 16:30:00,90.76,93.89,85.33,89.1,506568
1032,2021-02-02 16:00:00,94.8143,98.5,88.0,90.47,3577907
1033,2021-02-02 15:30:00,99.8561,101.9599,93.5,95.0,2004472
1034,2021-02-02 15:00:00,97.9,105.98,91.0,99.9,3329899
1035,2021-02-02 14:30:00,103.6001,110.5499,96.7,98.01,2712637
1036,2021-02-02 14:00:00,113.0,113.85,101.01,104.3724,2083638
1037,2021-02-02 13:30:00,118.2996,118.75,105.5,113.0001,2402470
1038,2021-02-02 13:00:00,115.5981,124.99,115.07,117.95,2248994
1039,2021-02-02 12:30:00,110.05,127.98,105.17,115.51,5489487
1040,2021-02-02 12:00:00,142.99,154.3999,114.85,114.85,6340552
1041,2021-02-02 11:30:00,91.0701,137.06,90.0,137.06,9416444
1042,2021-02-02 11:00:00,104.17,104.5811,74.2201,91.5,14153095
1043,2021-02-02 10:30:00,114.8882,125.0,102.0,104.6499,5835129
1044,2021-02-02 10:00:00,140.76,158.0,101.3,115.0,11811757
1045,2021-02-02 09:30:00,127.5,162.0,123.3301,140.76,1272196
1046,2021-02-02 09:00:00,128.25,135.84,126.0,127.5,816813
1047,2021-02-02 08:30:00,139.0,161.0,127.57,128.25,1139433
1048,2021-02-02 08:00:00,159.01,160.4,137.13,138.7,545486
1049,2021-02-02 07:30:00,158.24,162.65,137.01,159.5,976476
1050,2021-02-02 07:00:00,158.5,161.0,153.6,158.49,117604
1051,2021-02-02 06:30:00,174.01,175.21,157.0,158.0,61971
1052,2021-02-02 06:00:00,173.48,176.39,172.0,174.5,37344
1053,2021-02-02 05:30:00,171.7,173.0,170.0,173.0,42232
1054,2021-02-02 05:00:00,172.7,175.0,167.52,171.0,71823
1055,2021-02-02 04:30:00,175.3,178.31,160.0,173.0,174725
1056,2021-02-01 20:00:00,198.99,198.99,188.02,189.52,181608
1057,2021-02-01 19:30:00,186.65,198.99,186.65,198.5,217200
1058,2021-02-01 19:00:00,187.0,188.99,182.0,187.75,190109
1059,2021-02-01 18:30:00,178.0,190.0,177.0,186.0,305754
1060,2021-02-01 18:00:00,182.05,193.25,175.0,178.0,672254
1061,2021-02-01 17:30:00,207.96,208.79,173.0,181.88,905632
1062,2021-02-01 17:00:00,218.0,225.01,206.0,207.55,330997
1063,2021-02-01 16:30:00,225.46,231.0,215.0,218.01,295970
1064,2021-02-01 16:00:00,234.0,234.89,214.66,227.0,3038037
1065,2021-02-01 15:30:00,240.1096,240.1096,227.5001,233.97,1561433
1066,2021-02-01 15:00:00,245.0,247.6799,235.51,240.1828,930585
1067,2021-02-01 14:30:00,250.0,251.0,238.0,244.59,1135053
1068,2021-02-01 14:00:00,239.69,253.8899,230.0,250.0,1743435
1069,2021-02-01 13:30:00,248.4599,249.9499,231.0,239.49,1253961
1070,2021-02-01 13:00:00,252.0,260.63,241.0,248.0,1019697
1071,2021-02-01 12:30:00,259.0,262.5999,241.21,251.9999,1482954
1072,2021-02-01 12:00:00,273.54,280.0,255.0,259.2,2091385
1073,2021-02-01 11:30:00,236.775,275.0,232.9001,273.85,2719237
1074,2021-02-01 11:00:00,213.07,257.9399,212.0,237.39,4221178
1075,2021-02-01 10:30:00,270.0,284.0,213.07,213.07,4953581
1076,2021-02-01 10:00:00,316.56,322.0,252.0,269.9999,5899597
1077,2021-02-01 09:30:00,317.7,318.5,288.01,314.74,373157
1078,2021-02-01 09:00:00,319.0,333.0,288.0501,317.8,292717
1079,2021-02-01 08:30:00,327.0,330.01,299.95,319.99,396815
1080,2021-02-01 08:00:00,300.0,331.9,296.0,323.35,367471
1081,2021-02-01 07:30:00,327.42,331.0,288.07,300.0,553926
1082,2021-02-01 07:00:00,332.15,336.1,326.06,328.18,58325
1083,2021-02-01 06:30:00,338.0,345.0,332.0,334.21,30393
1084,2021-02-01 06:00:00,337.83,343.0,337.0,337.0,31772
1085,2021-02-01 05:30:00,347.0,356.36,326.05,337.21,81392
1086,2021-02-01 05:00:00,353.9,353.9,333.0,348.0,66062
1087,2021-02-01 04:30:00,356.1,384.89,321.75,351.5,220891
1088,2021-01-29 20:00:00,317.5,321.1,312.0,312.01,119081
1089,2021-01-29 19:30:00,316.0,318.0,312.0,317.5,52359
1090,2021-01-29 19:00:00,306.01,320.0,306.01,315.72,108623
1091,2021-01-29 18:30:00,306.11,309.0,303.0201,305.0,59844
1092,2021-01-29 18:00:00,320.0,320.0,301.21,306.0,112829
1093,2021-01-29 17:30:00,322.3,350.0,318.0,320.0,158935
1094,2021-01-29 17:00:00,324.73,327.0,315.0,322.02,290684
1095,2021-01-29 16:30:00,327.67,330.9,293.0001,324.0,822240
1096,2021-01-29 16:00:00,305.31,335.0,291.25,328.24,5086072
1097,2021-01-29 15:30:00,284.79,327.21,283.81,305.3101,3464000
1098,2021-01-29 15:00:00,256.6191,306.95,250.0,283.5608,3471688
1099,2021-01-29 14:30:00,275.95,296.0,252.0,255.49400000000003,3187088
1100,2021-01-29 14:00:00,318.0145,318.8,265.4801,276.1098,3405251
1101,2021-01-29 13:30:00,328.1182,336.0,312.4701,318.8,1376037
1102,2021-01-29 13:00:00,348.1117,353.5999,312.44,329.3264,2101560
1103,2021-01-29 12:30:00,339.8802,377.0,333.3301,349.0,3340022
1104,2021-01-29 12:00:00,335.1109,344.99,312.04,340.1656,2037522
1105,2021-01-29 11:30:00,335.5999,341.0,317.5661,335.8863,1938241
1106,2021-01-29 11:00:00,315.0,347.0,303.0398,334.62,3618447
1107,2021-01-29 10:30:00,317.7093,339.98699999999997,291.0,315.0,3880631
1108,2021-01-29 10:00:00,379.71,413.98,291.57,317.37,7147388
1109,2021-01-29 09:30:00,363.01,390.0,354.7,381.43,1434413
1110,2021-01-29 09:00:00,341.36,380.01,313.0,362.79,807542
1111,2021-01-29 08:30:00,347.07,392.01,312.0098,341.18,578887
1112,2021-01-29 08:00:00,337.0,353.6,311.0,346.49,525861
1113,2021-01-29 07:30:00,395.0,399.98,323.99,337.0,779687
1114,2021-01-29 07:00:00,393.0,400.0,374.93,395.01,67338
1115,2021-01-29 06:30:00,385.0,393.0,360.0,393.0,83679
1116,2021-01-29 06:00:00,392.01,397.84,380.0,389.05,41301
1117,2021-01-29 05:30:00,420.0,420.0,390.0,395.0,101187
1118,2021-01-29 05:00:00,415.0,430.0,382.0,425.94,201555
1119,2021-01-29 04:30:00,360.0,470.0,355.98,415.0,257713
1120,2021-01-28 20:00:00,313.89,327.0,305.99,311.99,314788
1121,2021-01-28 19:30:00,347.0,355.9,311.14,314.0,579599
1122,2021-01-28 19:00:00,291.0,348.86,291.0,347.01,734914
1123,2021-01-28 18:30:00,280.33,298.0,280.33,292.0,371627
1124,2021-01-28 18:00:00,259.75,282.99,258.26,281.85,204212
1125,2021-01-28 17:30:00,257.0,509.0,255.0,259.99,214534
1126,2021-01-28 17:00:00,268.12,277.24,250.0,257.0,550121
1127,2021-01-28 16:30:00,197.44,282.92,193.6,265.32,993236
1128,2021-01-28 16:00:00,225.0201,237.99,197.44,197.44,3520622
1129,2021-01-28 15:30:00,246.1359,261.9899,225.02,225.46,2167092
1130,2021-01-28 15:00:00,229.18,265.0,215.0,247.17,3210548
1131,2021-01-28 14:30:00,242.4305,246.0,220.7901,229.0,1532959
1132,2021-01-28 14:00:00,230.3455,267.0,226.65,241.5301,2313781
1133,2021-01-28 13:30:00,240.9471,251.0,205.4201,231.46900000000002,2817110
1134,2021-01-28 13:00:00,276.0,285.0,230.01,239.6656,2414047
1135,2021-01-28 12:30:00,255.99,324.0,250.7,278.7044,3893893
1136,2021-01-28 12:00:00,141.0,256.0,135.0,255.7614,6344507
1137,2021-01-28 11:30:00,265.0,282.55,112.25,132.0,4470136
1138,2021-01-28 11:00:00,397.86,403.9999,264.01,264.01,3077125
1139,2021-01-28 10:30:00,469.0,483.0,369.41,396.505,4418021
1140,2021-01-28 10:00:00,265.0,468.7793,261.52,468.49,6711620
1141,2021-01-28 09:30:00,340.73,509.0,249.73,263.49,2344949
1142,2021-01-28 09:00:00,448.34,452.0,338.0,341.0,1183021
1143,2021-01-28 08:30:00,459.0,489.12,434.0,448.0,777151
1144,2021-01-28 08:00:00,480.0,492.1,450.0,459.0,527766
1145,2021-01-28 07:30:00,447.01,508.83,421.7,480.0,1429794
1146,2021-01-28 07:00:00,451.51,458.0,430.0,445.0,190437
1147,2021-01-28 06:30:00,456.4,513.12,410.0,451.0,660876
1148,2021-01-28 06:00:00,367.9,457.89,350.0,456.0,472126
1149,2021-01-28 05:30:00,333.11,377.0,333.0,366.78,239370
1150,2021-01-28 05:00:00,314.12,344.0,309.0,335.0,73546
1151,2021-01-28 04:30:00,311.3,360.0,301.0,314.95,143381
1152,2021-01-27 20:00:00,258.01,303.0,255.01,292.0,550546
1153,2021-01-27 19:30:00,248.99,295.21,217.0,258.5,621270
1154,2021-01-27 19:00:00,314.05,319.9,220.0,248.8,473352
1155,2021-01-27 18:30:00,319.0,319.21,310.0,314.0,54738
1156,2021-01-27 18:00:00,317.11,347.51,315.0,319.85,150463
1157,2021-01-27 17:30:00,327.36,328.84,293.0,317.0,486685
1158,2021-01-27 17:00:00,338.83,347.51,325.0,327.26,302673
1159,2021-01-27 16:30:00,347.51,373.02,305.0,338.25,849314
1160,2021-01-27 16:00:00,335.8247,351.0,320.0,345.0,4685953
1161,2021-01-27 15:30:00,318.01,353.0,315.4054,335.8247,4703147
1162,2021-01-27 15:00:00,301.2236,333.17,295.0,319.6006,3845248
1163,2021-01-27 14:30:00,326.07,337.89,290.01,302.7938,3287134
1164,2021-01-27 14:00:00,323.01,345.33,303.77,326.59,3826027
1165,2021-01-27 13:30:00,341.0407,347.16,320.52,324.0,2957571
1166,2021-01-27 13:00:00,302.55,350.0,300.0,342.17199999999997,4653550
1167,2021-01-27 12:30:00,312.61,344.0,280.0,303.1,5375297
1168,2021-01-27 12:00:00,363.53,380.0,312.61,312.61,6233204
1169,2021-01-27 11:30:00,371.18199999999996,380.0,331.9767,362.36400000000003,8409479
1170,2021-01-27 11:00:00,276.18,380.0,275.0,371.82,10843513
1171,2021-01-27 10:30:00,310.32,314.0,249.0,278.8485,6536492
1172,2021-01-27 10:00:00,354.83,354.83,255.16,310.69,9937571
1173,2021-01-27 09:30:00,231.15,385.0,197.53,351.94,4931416
1174,2021-01-27 09:00:00,207.39,273.4,202.0,231.5,1224128
1175,2021-01-27 08:30:00,230.0,245.75,197.53,207.16,1520988
1176,2021-01-27 08:00:00,247.99,256.0,220.01,230.0,991859
1177,2021-01-27 07:30:00,199.5,277.0,195.0,248.0,2122686
1178,2021-01-27 07:00:00,242.2,251.0,182.55,197.89,1023014
1179,2021-01-27 06:30:00,351.89,353.0,241.0,241.0,861738
1180,2021-01-27 06:00:00,321.73,365.42,311.0,351.0,663589
1181,2021-01-27 05:30:00,299.5,344.0,293.01,321.0,973384
1182,2021-01-27 05:00:00,267.95,299.33,263.57,299.19,791726
1183,2021-01-27 04:30:00,246.66,270.0,219.07,265.23,628831
1184,2021-01-26 20:00:00,222.5,223.5,207.95,209.51,353019
1185,2021-01-26 19:30:00,225.0,227.19,217.5,222.5001,343291
1186,2021-01-26 19:00:00,214.0,231.5,211.5,225.0,976652
1187,2021-01-26 18:30:00,208.1,218.03,205.11,214.0,561889
1188,2021-01-26 18:00:00,217.27,222.84,203.0,208.14,1186551
1189,2021-01-26 17:30:00,224.6,248.9,206.33,217.0,3229374
1190,2021-01-26 17:00:00,184.99,244.0,180.01,224.45,7066918
1191,2021-01-26 16:30:00,146.2,194.5,138.0,184.29,4260718
1192,2021-01-26 16:00:00,148.3118,150.0,132.31,145.965,14015714
1193,2021-01-26 15:30:00,131.6913,149.25,127.0,148.39,19595906
1194,2021-01-26 15:00:00,122.3699,143.89,117.2,131.845,18477627
1195,2021-01-26 14:30:00,114.2538,125.0,112.0,122.19,13970796
1196,2021-01-26 14:00:00,112.2334,124.5799,106.0,114.5499,17814725
1197,2021-01-26 13:30:00,105.3137,113.8,96.99,112.01,14023418
1198,2021-01-26 13:00:00,92.51,114.24,92.4301,105.5556,16122121
1199,2021-01-26 12:30:00,87.685,93.0,87.68,92.523,4525342
1200,2021-01-26 12:00:00,87.4199,89.5,85.54,87.7999,2593047
1201,2021-01-26 11:30:00,87.62,90.68,81.0,87.4299,4723486
1202,2021-01-26 11:00:00,82.3801,94.0,80.2,87.6101,9308229
1203,2021-01-26 10:30:00,87.575,91.5,81.11,82.6,7158540
1204,2021-01-26 10:00:00,88.56,101.62,85.41,87.57,15234463
1205,2021-01-26 09:30:00,89.0,89.5,81.05,88.53,1119755
1206,2021-01-26 09:00:00,89.3,90.0,87.77,89.25,376377
1207,2021-01-26 08:30:00,91.62,94.39,86.15,89.3,601279
1208,2021-01-26 08:00:00,93.38,94.39,91.22,91.51,333704
1209,2021-01-26 07:30:00,88.89,93.84,86.39,93.47,577231
1210,2021-01-26 07:00:00,89.2,91.0,88.0,88.5,24279
1211,2021-01-26 06:30:00,89.0,90.0,87.5,87.7,34309
1212,2021-01-26 06:00:00,87.75,90.67,87.55,88.55,49543
1213,2021-01-26 05:30:00,94.25,94.25,86.03,87.35,94364
1214,2021-01-26 05:00:00,94.1,96.0,93.66,94.0,59883
1215,2021-01-26 04:30:00,90.0,100.0,90.0,93.94,209451
1216,2021-01-25 20:00:00,88.21,90.0,87.31,88.87,253075
1217,2021-01-25 19:30:00,82.9,90.0,82.9,88.37,432428
1218,2021-01-25 19:00:00,82.0,83.18,82.0,82.8801,93115
1219,2021-01-25 18:30:00,81.71,158.09,81.65,82.5,107069
1220,2021-01-25 18:00:00,82.03,83.35,81.08,81.71,287257
1221,2021-01-25 17:30:00,78.39,83.5,78.3,82.12,630281
1222,2021-01-25 17:00:00,76.69,79.49,76.57,78.5,268557
1223,2021-01-25 16:30:00,76.7698,79.75,72.0,76.7,651016
1224,2021-01-25 16:00:00,78.99,81.25,75.51,76.765,7444756
1225,2021-01-25 15:30:00,77.19,132.45,71.1001,78.99,7736410
1226,2021-01-25 15:00:00,82.1201,96.1192,75.0,77.0001,7266194
1227,2021-01-25 14:30:00,76.6241,86.54,74.16,82.2,10031675
1228,2021-01-25 14:00:00,68.98,81.5,67.9,76.7499,9337767
1229,2021-01-25 13:30:00,69.3,76.85,65.37,69.3199,8443279
1230,2021-01-25 13:00:00,76.34,85.8,65.55,69.42,13653159
1231,2021-01-25 12:30:00,99.99,103.0,61.13,72.71,11480031
1232,2021-01-25 12:00:00,96.0,107.31,91.0,99.56,9969107
1233,2021-01-25 11:30:00,117.07,120.0,85.39,94.78,10789815
1234,2021-01-25 11:00:00,119.96,159.18,116.0,117.07,28109352
1235,2021-01-25 10:30:00,89.685,120.0,85.0,119.99,23610885
1236,2021-01-25 10:00:00,96.73,101.01,86.32,89.76,16245718
1237,2021-01-25 09:30:00,98.265,103.0,86.7,96.0,2916604
1238,2021-01-25 09:00:00,99.77,104.53,93.01,98.05,2579842
1239,2021-01-25 08:30:00,91.71,99.94,86.9999,99.6,2094278
1240,2021-01-25 08:00:00,92.0,93.9,86.72,91.65,949715
1241,2021-01-25 07:30:00,94.48,97.0,90.72,92.0,1237804
1242,2021-01-25 07:00:00,97.0,97.97,90.35,94.43,407164
1243,2021-01-25 06:30:00,96.93,101.7,94.99,96.84,377161
1244,2021-01-25 06:00:00,88.5,98.94,86.25,96.77,361025
1245,2021-01-25 05:30:00,106.77,109.0,88.02,88.99,524947
1246,2021-01-25 05:00:00,94.79,136.63,91.13,105.39,736874
1247,2021-01-25 04:30:00,72.5,94.59,72.2,94.5,457861
1248,2021-01-22 20:00:00,62.2,63.48,61.0,61.0,156983
1249,2021-01-22 19:30:00,63.6,63.6,61.9,62.0,122843
1250,2021-01-22 19:00:00,63.75,63.96,63.23,63.7,56311
1251,2021-01-22 18:30:00,64.0,64.88,62.35,63.7,95929
1252,2021-01-22 18:00:00,66.89,66.89,63.01,63.8,331962
1253,2021-01-22 17:30:00,67.5,67.89,65.91,66.69,610582
1254,2021-01-22 17:00:00,65.55,68.46,64.62,67.6,1277683
1255,2021-01-22 16:30:00,65.0,66.89,62.4,65.55,1022560
1256,2021-01-22 16:00:00,61.138999999999996,68.0,59.43,64.85,18687922
1257,2021-01-22 15:30:00,59.185,62.3499,57.2,61.15,11356511
1258,2021-01-22 15:00:00,59.5938,60.69,57.57,59.18,7339470
1259,2021-01-22 14:30:00,54.9955,61.49,54.6,59.575,11596314
1260,2021-01-22 14:00:00,59.2252,64.2,54.46,55.1097,15482408
1261,2021-01-22 13:30:00,70.385,71.99,55.22,59.14,26687833
1262,2021-01-22 13:00:00,61.4907,76.7573,58.4,70.3,34006494
1263,2021-01-22 12:30:00,52.2,61.5,52.0544,61.4805,23846234
1264,2021-01-22 12:00:00,48.56,53.95,48.42,52.2,14793617
1265,2021-01-22 11:30:00,47.687,49.62,46.78,48.605,9035104
1266,2021-01-22 11:00:00,45.5,47.73,44.84,47.6795,6870869
1267,2021-01-22 10:30:00,45.99,46.35,43.77,45.59,5030241
1268,2021-01-22 10:00:00,42.59,46.29,42.32,45.98,7764988
1269,2021-01-22 09:30:00,44.19,45.5,42.56,42.68,409781
1270,2021-01-22 09:00:00,44.78,44.85,43.3,44.39,128406
1271,2021-01-22 08:30:00,44.7672,46.94,43.55,44.65,247175
1272,2021-01-22 08:00:00,45.52,46.94,44.8,45.25,133128
1273,2021-01-22 07:30:00,44.81,45.62,44.05,45.62,51957
1274,2021-01-22 07:00:00,45.15,45.18,44.3,44.4,5445
1275,2021-01-22 06:30:00,44.76,45.2,44.34,45.2,6489
1276,2021-01-22 06:00:00,44.14,44.43,44.02,44.34,4035
1277,2021-01-22 05:30:00,45.1,45.1,44.06,44.06,3155
1278,2021-01-22 05:00:00,44.26,45.35,44.14,45.1,10972
1279,2021-01-22 04:30:00,44.66,45.5,44.15,44.31,24711
1280,2021-01-21 20:00:00,46.8,46.8,45.23,45.35,191467
1281,2021-01-21 19:30:00,45.31,47.47,45.31,46.7,392550
1282,2021-01-21 19:00:00,43.7,45.45,43.7,45.39,270256
1283,2021-01-21 18:30:00,43.9,43.9,43.38,43.7,50456
1284,2021-01-21 18:00:00,42.56,43.9,42.52,43.5,48909
1285,2021-01-21 17:30:00,42.81,42.96,42.5,42.5602,117135
1286,2021-01-21 17:00:00,43.01,43.03,42.46,42.98,73431
1287,2021-01-21 16:30:00,43.03,44.1,42.2602,43.0,309029
1288,2021-01-21 16:00:00,42.66,43.19,41.76,43.02,4838819
1289,2021-01-21 15:30:00,40.53,42.75,40.52,42.6121,4239910
1290,2021-01-21 15:00:00,42.0205,42.23,40.02,40.56,2813766
1291,2021-01-21 14:30:00,42.2413,42.55,41.46,41.9997,2577219
1292,2021-01-21 14:00:00,41.3582,42.59,40.82,42.218,3128732
1293,2021-01-21 13:30:00,39.61,41.9,39.38,41.4118,3873132
1294,2021-01-21 13:00:00,39.0711,40.44,38.8,39.7,4013603
1295,2021-01-21 12:30:00,42.3,42.8,37.0,38.98,9186572
1296,2021-01-21 12:00:00,40.2259,44.75,40.11,42.2501,10126647
1297,2021-01-21 11:30:00,39.8289,40.95,39.38,40.3,2590577
1298,2021-01-21 11:00:00,38.8038,40.53,38.8,39.8675,3393519
1299,2021-01-21 10:30:00,38.51,39.41,37.86,38.8,1940758
1300,2021-01-21 10:00:00,39.23,39.79,37.52,38.5,2695860
1301,2021-01-21 09:30:00,39.05,39.5,39.02,39.14,57127
1302,2021-01-21 09:00:00,39.26,39.38,39.0,39.0,16488
1303,2021-01-21 08:30:00,38.5501,39.15,38.54,39.0,22303
1304,2021-01-21 08:00:00,38.56,38.64,38.54,38.56,2971
1305,2021-01-21 07:30:00,38.75,39.02,38.54,38.75,9554
1306,2021-01-21 07:00:00,38.95,39.0,38.9,38.9,1975
1307,2021-01-21 05:00:00,39.2,39.2,39.2,39.2,390
1308,2021-01-20 20:00:00,38.88,39.1,38.85,39.05,22695
1309,2021-01-20 19:30:00,38.89,38.95,38.8,38.91,5677
1310,2021-01-20 19:00:00,39.0,39.0,38.9,38.9,4459
1311,2021-01-20 18:30:00,38.83,39.0,38.81,39.0,4076
1312,2021-01-20 18:00:00,38.75,38.85,38.71,38.71,10870
1313,2021-01-20 17:30:00,38.84,39.12,38.75,38.75,84567
1314,2021-01-20 17:00:00,38.9,38.95,38.69,38.8,33135
1315,2021-01-20 16:30:00,39.01,39.2,38.82,38.93,26034
1316,2021-01-20 16:00:00,39.055,39.38,38.71,39.12,1415509
1317,2021-01-20 15:30:00,39.6,40.14,38.95,39.0401,1359001
1318,2021-01-20 15:00:00,39.1357,39.97,38.83,39.59,1181992
1319,2021-01-20 14:30:00,39.275,39.75,39.0,39.13,1095327
1320,2021-01-20 14:00:00,38.5367,39.55,38.5,39.2744,1563460
1321,2021-01-20 13:30:00,38.635,38.79,37.85,38.5768,1368164
1322,2021-01-20 13:00:00,38.6,38.8,38.275,38.67,1199726
1323,2021-01-20 12:30:00,39.28,40.05,38.5515,38.6268,1878562
1324,2021-01-20 12:00:00,38.76,41.1899,38.3,39.35,6215619
1325,2021-01-20 11:30:00,36.86,38.95,36.06,38.7793,4893611
1326,2021-01-20 11:00:00,36.693000000000005,38.19,36.4,36.86,3307654
1327,2021-01-20 10:30:00,37.97,38.17,36.6705,36.71,2354158
1328,2021-01-20 10:00:00,37.37,39.3933,36.63,37.9175,4814116
1329,2021-01-20 09:30:00,37.95,37.95,37.06,37.06,175579
1330,2021-01-20 09:00:00,37.49,37.95,37.1,37.87,87554
1331,2021-01-20 08:30:00,37.65,39.0,37.2,37.49,220624
1332,2021-01-20 08:00:00,37.79,38.5,37.79,38.42,99604
1333,2021-01-20 07:30:00,37.92,38.04,37.54,37.78,56235
1334,2021-01-20 07:00:00,38.0,38.0,37.8,37.9,16299
1335,2021-01-20 06:30:00,37.7,38.0,37.5,38.0,9045
1336,2021-01-20 06:00:00,38.03,38.04,37.65,37.7,8456
1337,2021-01-20 05:30:00,38.05,38.05,37.83,37.95,2318
1338,2021-01-20 05:00:00,38.0,38.02,37.57,37.83,3699
1339,2021-01-20 04:30:00,38.5,38.58,37.4,38.1,10315
1340,2021-01-19 20:00:00,38.68,38.8,38.6,38.6,40450
1341,2021-01-19 19:30:00,38.7,38.75,38.56,38.58,17747
1342,2021-01-19 19:00:00,38.9,38.9,38.7,38.75,11173
1343,2021-01-19 18:30:00,38.9,38.96,38.86,38.86,34383
1344,2021-01-19 18:00:00,38.86,38.96,38.75,38.89,24401
1345,2021-01-19 17:30:00,38.84,38.95,38.65,38.95,90163
1346,2021-01-19 17:00:00,38.89,39.36,38.5101,38.8398,237785
1347,2021-01-19 16:30:00,39.36,39.71,38.83,39.04,119118
1348,2021-01-19 16:00:00,39.86,39.99,38.61,39.51,3706283
1349,2021-01-19 15:30:00,40.2607,40.53,39.6,39.88,1735622
1350,2021-01-19 15:00:00,39.9,40.68,39.6,40.275999999999996,1632611
1351,2021-01-19 14:30:00,40.9444,40.99,39.66,39.89,1849131
1352,2021-01-19 14:00:00,40.97,41.34,40.53,40.94,1945933
1353,2021-01-19 13:30:00,42.0295,42.1978,40.29,40.97,3345863
1354,2021-01-19 13:00:00,40.9752,42.3,40.7,42.12,4275387
1355,2021-01-19 12:30:00,39.63,41.67,39.4,40.985,6397859
1356,2021-01-19 12:00:00,38.4874,39.69,38.0,39.6201,2812834
1357,2021-01-19 11:30:00,37.79,39.48,37.7301,38.4801,4680596
1358,2021-01-19 11:00:00,37.6537,38.75,36.75,37.76,6553797
1359,2021-01-19 10:30:00,40.75,40.76,36.64,37.61,14934365
1360,2021-01-19 10:00:00,41.55,45.52,39.25,40.7378,18097074
1361,2021-01-19 09:30:00,40.85,42.88,40.8,41.75,952107
1362,2021-01-19 09:00:00,39.76,41.24,39.6,40.88,374775
1363,2021-01-19 08:30:00,38.38,40.6099,37.2002,39.75,402552
1364,2021-01-19 08:00:00,38.61,39.01,38.07,38.38,132627
1365,2021-01-19 07:30:00,40.5,40.99,37.1,38.59,469589
1366,2021-01-19 07:00:00,40.33,40.54,40.33,40.34,18717
1367,2021-01-19 06:30:00,41.1,41.1,40.31,40.31,13905
1368,2021-01-19 06:00:00,41.3,41.5,40.77,41.25,11191
1369,2021-01-19 05:30:00,40.77,41.5,40.42,41.2,19650
1370,2021-01-19 05:00:00,40.01,41.0,40.0,40.9,24390
1371,2021-01-19 04:30:00,39.0,42.61,38.31,40.01,66152
