,time,open,high,low,close,volume
0,2021-02-17 20:00:00,46.1999,46.45,46.17,46.45,16394
1,2021-02-17 19:30:00,46.0801,46.25,46.0801,46.24,2989
2,2021-02-17 19:00:00,46.25,46.25,46.1,46.1,4796
3,2021-02-17 18:30:00,46.13,46.4,46.08,46.2,11222
4,2021-02-17 18:00:00,46.0,46.45,46.0,46.28,23431
5,2021-02-17 17:30:00,45.9,45.94,45.76,45.94,8357
6,2021-02-17 17:00:00,46.0,46.1,45.61,45.7801,22527
7,2021-02-17 16:30:00,45.58,46.01,45.58,45.89,28745
8,2021-02-17 16:00:00,45.74,46.49,45.37,45.845,1073173
9,2021-02-17 15:30:00,45.3621,45.89,45.05,45.74,592001
10,2021-02-17 15:00:00,44.946,45.97,44.56,45.5151,908128
11,2021-02-17 14:30:00,46.0901,46.34,44.5696,44.955,1099156
12,2021-02-17 14:00:00,46.58,46.833,46.02,46.0801,385383
13,2021-02-17 13:30:00,46.71,46.97,46.3,46.68,334214
14,2021-02-17 13:00:00,46.57,46.85,46.4,46.7125,190188
15,2021-02-17 12:30:00,47.14,47.15,46.28,46.66,294513
16,2021-02-17 12:00:00,46.9,47.23,46.22,47.1271,529556
17,2021-02-17 11:30:00,47.9,48.05,46.3,46.895,663513
18,2021-02-17 11:00:00,47.61,48.32,47.6,47.925,346163
19,2021-02-17 10:30:00,47.795,48.44,47.49,47.61,807370
20,2021-02-17 10:00:00,49.77,51.19,47.45,47.79,1788884
21,2021-02-17 09:30:00,49.53,49.68,49.4,49.61,25937
22,2021-02-17 09:00:00,49.29,49.9,49.27,49.5201,20139
23,2021-02-17 08:30:00,49.9734,50.1,49.1,49.2,27290
24,2021-02-17 08:00:00,49.58,49.58,49.15,49.21,4421
25,2021-02-17 07:30:00,49.5,50.07,49.33,49.53,11217
26,2021-02-17 07:00:00,49.13,49.13,49.13,49.13,773
27,2021-02-17 06:30:00,49.13,49.13,49.13,49.13,517
28,2021-02-17 06:00:00,49.5,49.5,49.5,49.5,424
29,2021-02-17 05:30:00,49.51,49.51,49.2,49.2,1033
30,2021-02-17 05:00:00,49.21,49.25,49.18,49.25,1499
31,2021-02-17 04:30:00,50.0,50.1,49.15,49.4,5100
32,2021-02-16 20:00:00,49.27,49.39,49.27,49.37,10765
33,2021-02-16 19:30:00,49.31,49.4299,49.25,49.3,5941
34,2021-02-16 19:00:00,49.28,49.46,49.25,49.4,6659
35,2021-02-16 18:30:00,49.12,49.28,49.11,49.28,9216
36,2021-02-16 18:00:00,49.11,49.29,49.1,49.11,14889
37,2021-02-16 17:30:00,49.35,49.35,49.15,49.15,17953
38,2021-02-16 17:00:00,49.59,50.0,49.15,49.27,59521
39,2021-02-16 16:30:00,49.51,49.7,49.31,49.59,28809
40,2021-02-16 16:00:00,49.5,49.8407,49.34,49.5,527518
41,2021-02-16 15:30:00,49.34,49.66,49.1709,49.535,245443
42,2021-02-16 15:00:00,49.28,49.7299,49.12,49.25,310885
43,2021-02-16 14:30:00,49.4399,49.74,49.04,49.2693,430417
44,2021-02-16 14:00:00,50.56,51.15,49.12,49.37,1001021
45,2021-02-16 13:30:00,49.74,50.67,49.6,50.56,402339
46,2021-02-16 13:00:00,49.9475,50.153,49.5177,49.8118,306900
47,2021-02-16 12:30:00,49.61,50.0399,49.1,49.8986,434462
48,2021-02-16 12:00:00,49.9,50.6,49.51,49.61,516587
49,2021-02-16 11:30:00,50.54,50.85,49.75,50.0,522272
50,2021-02-16 11:00:00,51.2,51.34,49.81,50.5,798902
51,2021-02-16 10:30:00,51.37,52.87,50.4123,51.11,1080810
52,2021-02-16 10:00:00,52.66,53.5,51.05,51.39,1232621
53,2021-02-16 09:30:00,52.25,52.7408,51.8,52.64,52550
54,2021-02-16 09:00:00,52.49,52.5499,52.05,52.4,17899
55,2021-02-16 08:30:00,52.6784,53.45,52.0,52.4,76881
56,2021-02-16 08:00:00,52.8,53.6,52.66,53.24,19837
57,2021-02-16 07:30:00,53.06,53.49,52.4,52.7,36303
58,2021-02-16 07:00:00,53.9,53.9,53.0,53.01,3604
59,2021-02-16 06:30:00,53.21,54.2,53.21,54.2,8150
60,2021-02-16 06:00:00,54.01,54.01,53.21,53.21,3555
61,2021-02-16 05:30:00,53.11,54.0,53.11,54.0,5109
62,2021-02-16 05:00:00,53.0,53.2,52.92,53.2,2668
63,2021-02-16 04:30:00,53.02,53.6,53.0,53.0,7391
64,2021-02-12 20:00:00,52.36,52.9,52.3,52.9,42290
65,2021-02-12 19:30:00,52.07,52.35,52.0,52.3,14542
66,2021-02-12 19:00:00,52.27,52.6,52.05,52.6,7538
67,2021-02-12 18:30:00,51.71,52.54,51.6201,52.54,11569
68,2021-02-12 18:00:00,51.9,52.2,51.75,51.75,16578
69,2021-02-12 17:30:00,51.94,52.1,51.81,51.85,19412
70,2021-02-12 17:00:00,51.7,51.93,51.7,51.9,30057
71,2021-02-12 16:30:00,52.4,52.4,51.25,51.7,34724
72,2021-02-12 16:00:00,51.3,52.45,51.23,52.33,993440
73,2021-02-12 15:30:00,51.34,52.1,51.17,51.31,582410
74,2021-02-12 15:00:00,50.5829,51.6,50.3,51.328,435684
75,2021-02-12 14:30:00,51.35,51.63,49.82,50.53,618077
76,2021-02-12 14:00:00,51.1,51.7071,50.79,51.36,390745
77,2021-02-12 13:30:00,52.225,53.26,50.6,51.025,927560
78,2021-02-12 13:00:00,53.26,55.24,51.7,52.2968,2251209
79,2021-02-12 12:30:00,52.1013,53.95,51.9,53.3699,991383
80,2021-02-12 12:00:00,52.2,53.8,51.38,52.2185,1536509
81,2021-02-12 11:30:00,53.56,53.56,51.1,52.2001,1828286
82,2021-02-12 11:00:00,49.58,54.14,49.3,53.68,1138971
83,2021-02-12 10:30:00,50.6672,50.81,49.34,49.6,617839
84,2021-02-12 10:00:00,50.75,54.0,48.05,50.725,1708070
85,2021-02-12 09:30:00,50.559,50.89,50.3,50.7,77213
86,2021-02-12 09:00:00,51.06,51.1799,50.5255,50.9,36792
87,2021-02-12 08:30:00,50.7,51.55,50.325,50.91,41654
88,2021-02-12 08:00:00,50.91,51.27,50.89,51.27,4909
89,2021-02-12 07:30:00,50.57,51.55,50.42,51.05,20871
90,2021-02-12 07:00:00,50.13,50.13,50.12,50.12,576
91,2021-02-12 06:30:00,50.15,50.15,50.15,50.15,553
92,2021-02-12 06:00:00,50.09,50.09,50.09,50.09,302
93,2021-02-12 05:30:00,50.29,50.3,50.29,50.3,502
94,2021-02-12 05:00:00,50.46,51.0,50.46,51.0,1457
95,2021-02-12 04:30:00,50.6,50.6,49.21,49.21,1506
96,2021-02-11 20:00:00,50.18,50.5,50.05,50.28,26483
97,2021-02-11 19:30:00,50.27,50.29,50.0,50.08,8709
98,2021-02-11 19:00:00,49.7,50.25,49.5,50.25,16573
99,2021-02-11 18:30:00,49.2,49.75,49.2,49.5,6931
100,2021-02-11 18:00:00,49.35,50.0,48.93,49.5,62354
101,2021-02-11 17:30:00,50.16,51.1,49.35,49.35,29307
102,2021-02-11 17:00:00,49.84,50.43,49.84,50.13,21384
103,2021-02-11 16:30:00,50.6,51.1,49.84,49.84,84571
104,2021-02-11 16:00:00,49.05,52.25,48.81,50.9,1973091
105,2021-02-11 15:30:00,48.69,49.35,48.51,49.05,342440
106,2021-02-11 15:00:00,48.9,49.14,48.62,48.7263,255074
107,2021-02-11 14:30:00,48.71,49.1,48.2201,48.91,436699
108,2021-02-11 14:00:00,49.0998,49.74,48.57,48.61,574866
109,2021-02-11 13:30:00,49.0275,49.4546,48.38,49.14,616006
110,2021-02-11 13:00:00,48.4001,49.2772,48.23,48.88,483212
111,2021-02-11 12:30:00,49.09,49.3,48.24,48.4,801288
112,2021-02-11 12:00:00,49.1,50.2683,48.87,49.1105,760404
113,2021-02-11 11:30:00,50.1811,50.23,48.65,48.9601,1038399
114,2021-02-11 11:00:00,50.77,50.8299,49.7871,50.185,666986
115,2021-02-11 10:30:00,52.13,52.2999,49.27,50.68,1450070
116,2021-02-11 10:00:00,50.01,55.32,49.97,52.215,3059163
117,2021-02-11 09:30:00,50.17,50.6,49.7,50.27,99016
118,2021-02-11 09:00:00,50.46,50.51,50.2,50.26,36048
119,2021-02-11 08:30:00,50.0001,50.98,49.6,50.49,66802
120,2021-02-11 08:00:00,50.07,50.2,49.62,50.2,35405
121,2021-02-11 07:30:00,50.32,51.0,49.69,50.0,35427
122,2021-02-11 07:00:00,50.5,51.0,50.39,50.39,2107
123,2021-02-11 06:30:00,50.66,51.2,50.55,51.2,3943
124,2021-02-11 06:00:00,50.01,51.5,49.97,51.0,6848
125,2021-02-11 05:30:00,50.0,50.0,49.56,50.0,3211
126,2021-02-11 05:00:00,49.61,50.0,49.35,49.67,3479
127,2021-02-11 04:30:00,49.49,50.47,49.35,49.72,10639
128,2021-02-10 20:00:00,50.0,50.18,49.85,49.9,31206
129,2021-02-10 19:30:00,49.9499,50.0,49.75,50.0,19050
130,2021-02-10 19:00:00,49.66,50.0,49.66,49.99,12558
131,2021-02-10 18:30:00,50.2,50.25,49.65,49.65,37598
132,2021-02-10 18:00:00,49.7,50.4,49.65,50.2,40217
133,2021-02-10 17:30:00,49.47,51.2,49.45,49.7,160583
134,2021-02-10 17:00:00,49.78,50.18,49.41,49.47,128624
135,2021-02-10 16:30:00,51.23,51.78,49.4,49.78,188532
136,2021-02-10 16:00:00,51.0899,52.5,50.56,51.19,1634260
137,2021-02-10 15:30:00,53.11,53.4499,50.48,50.92,1407413
138,2021-02-10 15:00:00,54.2172,54.87,52.35,53.2817,1576526
139,2021-02-10 14:30:00,56.35,56.87,53.2,54.03,2200558
140,2021-02-10 14:00:00,61.53,62.76,55.56,56.345,3844197
141,2021-02-10 13:30:00,55.9,62.83,55.7,61.53,5870897
142,2021-02-10 13:00:00,54.66,56.8,53.86,55.8101,2591571
143,2021-02-10 12:30:00,52.645,54.94,51.12,54.46,1451733
144,2021-02-10 12:00:00,50.99,54.4199,50.5,52.53,1636807
145,2021-02-10 11:30:00,49.5974,53.76,49.57,50.6601,1891903
146,2021-02-10 11:00:00,49.1527,50.97,48.29,49.77,1368906
147,2021-02-10 10:30:00,50.4999,57.8,48.16,49.25,5686009
148,2021-02-10 10:00:00,50.77,50.8327,46.55,50.49,3945934
149,2021-02-10 09:30:00,51.0,52.29,50.5,50.5,184303
150,2021-02-10 09:00:00,51.28,52.2999,50.69,50.99,92045
151,2021-02-10 08:30:00,49.5,53.5,48.6,51.25,190478
152,2021-02-10 08:00:00,51.8,52.0,50.7,51.15,55911
153,2021-02-10 07:30:00,48.81,53.49,48.45,51.75,151592
154,2021-02-10 07:00:00,48.25,48.7,48.25,48.7,9605
155,2021-02-10 06:30:00,48.7,48.7,48.25,48.43,2966
156,2021-02-10 06:00:00,48.75,49.25,48.0,48.5,14670
157,2021-02-10 05:30:00,50.3,50.3,48.75,48.75,13640
158,2021-02-10 05:00:00,50.4,51.0,50.2,50.35,9436
159,2021-02-10 04:30:00,50.0,53.0,50.0,51.0,27563
160,2021-02-09 20:00:00,50.39,50.58,49.9,49.99,69548
161,2021-02-09 19:30:00,50.25,50.83,50.25,50.42,37892
162,2021-02-09 19:00:00,50.8,50.93,50.0,50.25,78339
163,2021-02-09 18:30:00,51.54,51.69,50.5,50.76,74707
164,2021-02-09 18:00:00,52.2,52.2,51.2,51.45,60284
165,2021-02-09 17:30:00,52.0,52.55,51.51,52.4,99286
166,2021-02-09 17:00:00,55.06,55.19,51.0,52.0,314478
167,2021-02-09 16:30:00,49.36,56.2,49.36,55.06,664655
168,2021-02-09 16:00:00,49.6367,50.35,48.73,50.32,1321602
169,2021-02-09 15:30:00,50.9499,50.9499,49.217,49.6267,918496
170,2021-02-09 15:00:00,49.2952,51.5,49.2,50.8807,1034887
171,2021-02-09 14:30:00,48.8749,49.6299,48.6001,49.2955,670208
172,2021-02-09 14:00:00,48.61,48.8699,48.2201,48.8699,632012
173,2021-02-09 13:30:00,48.6101,49.3899,48.0,48.5,971882
174,2021-02-09 13:00:00,50.0601,50.19,48.5,48.7399,1189886
175,2021-02-09 12:30:00,48.54,50.755,48.4578,50.07,1718915
176,2021-02-09 12:00:00,48.507,49.55,47.2,48.5379,2194422
177,2021-02-09 11:30:00,49.19,49.2,46.52,48.57,3591852
178,2021-02-09 11:00:00,50.6699,51.43,48.12,49.05,3587653
179,2021-02-09 10:30:00,53.6,53.68,50.31,50.665,3082630
180,2021-02-09 10:00:00,56.61,57.0,52.06,53.63,3938473
181,2021-02-09 09:30:00,56.7,58.05,55.8,55.93,186326
182,2021-02-09 09:00:00,55.98,56.99,55.98,56.7,83515
183,2021-02-09 08:30:00,56.67,57.51,55.13,55.95,148288
184,2021-02-09 08:00:00,56.3,56.59,55.5,55.5,46915
185,2021-02-09 07:30:00,56.8,57.5,56.0,56.15,70542
186,2021-02-09 07:00:00,55.3,56.8,55.2,56.8,9948
187,2021-02-09 06:30:00,56.77,56.77,55.0,55.49,24160
188,2021-02-09 06:00:00,56.7,57.09,56.7,57.0,3141
189,2021-02-09 05:30:00,56.55,56.86,56.5,56.5,11285
190,2021-02-09 05:00:00,57.0,57.1,56.2,57.0,10943
191,2021-02-09 04:30:00,59.8,61.0,56.3,57.0,35954
192,2021-02-08 20:00:00,59.4,59.5,58.9,59.5,44310
193,2021-02-08 19:30:00,59.79,59.8,59.42,59.42,15032
194,2021-02-08 19:00:00,59.52,59.8,59.35,59.78,27402
195,2021-02-08 18:30:00,59.59,59.65,59.5,59.51,20882
196,2021-02-08 18:00:00,59.7,59.7,59.5,59.6,23876
197,2021-02-08 17:30:00,59.5,59.65,59.35,59.6,25719
198,2021-02-08 17:00:00,59.37,59.8,59.35,59.59,54718
199,2021-02-08 16:30:00,60.0,60.0,58.56,59.43,70937
200,2021-02-08 16:00:00,58.7,60.5,58.22,59.9599,1571310
201,2021-02-08 15:30:00,58.88,59.25,58.6,58.73,827032
202,2021-02-08 15:00:00,59.0875,59.49,58.7175,58.8001,632688
203,2021-02-08 14:30:00,59.68,59.76,58.3,59.203,1099601
204,2021-02-08 14:00:00,59.8,60.38,59.25,59.6623,646611
205,2021-02-08 13:30:00,60.15,70.89,59.5631,59.6561,1403071
206,2021-02-08 13:00:00,59.1137,60.75,58.7301,60.15,1236357
207,2021-02-08 12:30:00,59.6273,59.84,58.68,58.9452,1067385
208,2021-02-08 12:00:00,60.0786,60.3099,58.02,59.65,1592647
209,2021-02-08 11:30:00,60.745,61.41,59.52,60.0,1163494
210,2021-02-08 11:00:00,61.0329,63.5,59.26,60.75,2211504
211,2021-02-08 10:30:00,64.61,70.6,58.27,61.1699,4432860
212,2021-02-08 10:00:00,72.41,72.66,63.3512,64.65,5834733
213,2021-02-08 09:30:00,69.66,73.5,68.56,72.21,581418
214,2021-02-08 09:00:00,68.07,69.55,67.2,69.55,165473
215,2021-02-08 08:30:00,69.39,73.0,67.0,68.05,344703
216,2021-02-08 08:00:00,70.0,70.6,68.62,69.48,150283
217,2021-02-08 07:30:00,70.5,72.99,69.69,70.0,337145
218,2021-02-08 07:00:00,72.81,73.27,70.3,71.45,47307
219,2021-02-08 06:30:00,70.94,75.8,70.94,73.2,66785
220,2021-02-08 06:00:00,70.34,72.4,70.0,71.0,44572
221,2021-02-08 05:30:00,69.2,70.59,69.2,70.15,17665
222,2021-02-08 05:00:00,69.8,69.88,68.5,69.0,19743
223,2021-02-08 04:30:00,68.1,72.3,65.16,69.5,82173
224,2021-02-05 20:00:00,67.4499,68.0,66.46,66.46,144854
225,2021-02-05 19:30:00,67.2,67.52,66.5,67.45,75113
226,2021-02-05 19:00:00,69.21,69.21,66.5,67.2,126437
227,2021-02-05 18:30:00,69.56,72.0,67.01,69.28,320017
228,2021-02-05 18:00:00,64.53,70.47,64.53,69.51,291836
229,2021-02-05 17:30:00,64.68,65.55,64.53,64.95,183005
230,2021-02-05 17:00:00,63.51,66.49,63.25,64.87,289317
231,2021-02-05 16:30:00,64.2,65.97,62.0,63.55,372129
232,2021-02-05 16:00:00,60.775,66.47,60.7,63.7601,4430279
233,2021-02-05 15:30:00,60.83,63.0,59.0,60.7,1961341
234,2021-02-05 15:00:00,60.564,62.78,60.2401,60.8201,1781915
235,2021-02-05 14:30:00,61.0,62.3399,58.85,60.67,1887588
236,2021-02-05 14:00:00,62.385,64.4499,57.26,61.0,3866064
237,2021-02-05 13:30:00,63.7383,64.5,62.3,62.5199,1467424
238,2021-02-05 13:00:00,65.663,65.8799,62.16,63.55,2408529
239,2021-02-05 12:30:00,64.293,65.8899,58.86,65.88,4166543
240,2021-02-05 12:00:00,69.6999,69.6999,61.54,64.39,6477997
241,2021-02-05 11:30:00,70.8226,74.45,68.28,69.34,4620386
242,2021-02-05 11:00:00,70.9,76.7999,67.12,70.8185,8302442
243,2021-02-05 10:30:00,82.77,95.0,65.372,70.8985,17267997
244,2021-02-05 10:00:00,54.04,82.77,51.09,82.77,17625946
245,2021-02-05 09:30:00,57.2,57.6,53.5,54.29,708607
246,2021-02-05 09:00:00,57.7,58.3,54.56,57.16,430464
247,2021-02-05 08:30:00,59.09,59.99,54.56,57.8,833379
248,2021-02-05 08:00:00,56.24,59.2,55.51,59.09,311164
249,2021-02-05 07:30:00,58.0,58.13,54.56,56.4,503568
250,2021-02-05 07:00:00,57.3,59.3,57.11,58.75,29036
251,2021-02-05 06:30:00,59.52,59.52,57.25,57.3,44428
252,2021-02-05 06:00:00,60.87,61.7,59.0,59.33,42227
253,2021-02-05 05:30:00,60.87,62.6,59.9,60.67,77878
254,2021-02-05 05:00:00,58.31,61.35,56.5,60.87,134940
255,2021-02-05 04:30:00,53.5,64.8,53.5,58.6,347412
256,2021-02-04 20:00:00,50.73,50.73,49.0,49.17,212798
257,2021-02-04 19:30:00,50.2,50.94,49.56,50.51,117368
258,2021-02-04 19:00:00,50.78,51.14,49.51,50.2,111013
259,2021-02-04 18:30:00,50.11,51.24,49.4,50.98,213632
260,2021-02-04 18:00:00,50.54,52.75,49.0,50.25,416949
261,2021-02-04 17:30:00,53.17,53.17,50.5,50.6,435928
262,2021-02-04 17:00:00,52.21,53.65,51.55,53.15,383965
263,2021-02-04 16:30:00,53.47,54.39,51.45,52.11,725298
264,2021-02-04 16:00:00,57.5299,57.95,53.33,53.378,4282923
265,2021-02-04 15:30:00,58.2301,58.4999,55.35,57.3,3432961
266,2021-02-04 15:00:00,59.3001,61.98,58.23,58.23,2507131
267,2021-02-04 14:30:00,60.17,60.5,58.0,59.375,2238242
268,2021-02-04 14:00:00,59.6395,61.55,58.5,60.0001,3310398
269,2021-02-04 13:30:00,64.4999,64.4999,57.2,59.43,6530216
270,2021-02-04 13:00:00,68.7618,69.2499,63.5,64.31,2350128
271,2021-02-04 12:30:00,68.7738,71.3,65.03,68.57,3837282
272,2021-02-04 12:00:00,63.5,76.01,62.05,68.5801,7023153
273,2021-02-04 11:30:00,71.2901,73.6399,63.2,63.51,8085751
274,2021-02-04 11:00:00,74.6624,79.7099,70.5,71.4,5288274
275,2021-02-04 10:30:00,83.28,86.0,73.88,74.81,4944961
276,2021-02-04 10:00:00,91.19,91.5,81.05,83.39,5181676
277,2021-02-04 09:30:00,95.0,95.6,90.8,91.01,263464
278,2021-02-04 09:00:00,93.9,95.6,93.7,94.93,105077
279,2021-02-04 08:30:00,95.0,95.0,92.0,93.9,177154
280,2021-02-04 08:00:00,92.99,94.5,92.99,94.5,66245
281,2021-02-04 07:30:00,95.53,95.53,92.0,92.97,140480
282,2021-02-04 07:00:00,96.0,96.24,95.13,95.13,2935
283,2021-02-04 06:30:00,96.93,97.0,95.0,95.2,6279
284,2021-02-04 06:00:00,96.25,97.0,95.5,96.75,8493
285,2021-02-04 05:30:00,93.6,96.5,93.6,96.5,12521
286,2021-02-04 05:00:00,93.75,96.0,93.5,93.57,14384
287,2021-02-04 04:30:00,92.3,100.01,92.3,93.4,47983
288,2021-02-03 20:00:00,89.0,89.35,87.37,88.88,117634
289,2021-02-03 19:30:00,89.3,89.5,88.5,89.0,67488
290,2021-02-03 19:00:00,90.29,90.35,89.5,89.6,49236
291,2021-02-03 18:30:00,91.9,91.9,90.0,90.25,21407
292,2021-02-03 18:00:00,89.61,92.03,89.6,92.0,60374
293,2021-02-03 17:30:00,91.47,91.5,88.95,89.6,94931
294,2021-02-03 17:00:00,90.0,92.99,89.46,90.6,158829
295,2021-02-03 16:30:00,92.27,93.36,88.1,90.0,256722
296,2021-02-03 16:00:00,92.45,95.8,90.59,92.0431,1868072
297,2021-02-03 15:30:00,98.01,100.3745,91.5701,92.45,1922519
298,2021-02-03 15:00:00,102.9599,104.75,93.55,97.94,1931587
299,2021-02-03 14:30:00,107.01,107.7599,100.0,102.8949,1945800
300,2021-02-03 14:00:00,101.1278,109.5983,97.46,107.4999,3051451
301,2021-02-03 13:30:00,99.7,106.0,99.55,101.4548,2744738
302,2021-02-03 13:00:00,98.1299,102.71,95.1,99.97,2180220
303,2021-02-03 12:30:00,94.0,100.0,92.5,98.1167,1816562
304,2021-02-03 12:00:00,94.06,96.74,90.5,93.55,1684773
305,2021-02-03 11:30:00,99.0501,99.8799,90.94,93.92,2164883
306,2021-02-03 11:00:00,90.5999,104.35,89.0142,99.43,4454343
307,2021-02-03 10:30:00,93.2799,95.46,85.25,90.3002,4187679
308,2021-02-03 10:00:00,112.01,113.3999,90.49,92.89,7638847
309,2021-02-03 09:30:00,93.4,121.36,93.4,112.66,2393750
310,2021-02-03 09:00:00,89.9,96.8,88.3,93.35,465814
311,2021-02-03 08:30:00,89.82,94.0,85.26,89.36,297622
312,2021-02-03 08:00:00,88.4,92.7,88.21,89.86,187025
313,2021-02-03 07:30:00,91.11,94.5,85.25,88.8,540986
314,2021-02-03 07:00:00,96.3,97.7,90.01,91.44,85879
315,2021-02-03 06:30:00,96.3,99.9,93.3,97.0,77781
316,2021-02-03 06:00:00,101.9,106.0,92.6,96.0,163455
317,2021-02-03 05:30:00,87.35,106.0,85.0,101.8,177733
318,2021-02-03 05:00:00,87.0,87.2,81.31,87.2,48985
319,2021-02-03 04:30:00,78.33,88.75,73.31,86.7,213883
320,2021-02-02 20:00:00,88.88,88.9,85.0,85.2,234752
321,2021-02-02 19:30:00,90.0,90.5,88.02,88.88,53356
322,2021-02-02 19:00:00,91.5,92.45,88.0,90.0,102347
323,2021-02-02 18:30:00,92.0,94.0,91.0,91.3,129780
324,2021-02-02 18:00:00,88.5,96.0,88.4999,92.0,306546
325,2021-02-02 17:30:00,88.82,89.5,86.01,88.47,169806
326,2021-02-02 17:00:00,89.15,90.0,85.33,88.78,337012
327,2021-02-02 16:30:00,90.76,93.89,85.33,89.1,506568
328,2021-02-02 16:00:00,94.8143,98.5,88.0,90.47,3577907
329,2021-02-02 15:30:00,99.8561,101.9599,93.5,95.0,2004472
330,2021-02-02 15:00:00,97.9,105.98,91.0,99.9,3329899
331,2021-02-02 14:30:00,103.6001,110.5499,96.7,98.01,2712637
332,2021-02-02 14:00:00,113.0,113.85,101.01,104.3724,2083638
333,2021-02-02 13:30:00,118.2996,118.75,105.5,113.0001,2402470
334,2021-02-02 13:00:00,115.5981,124.99,115.07,117.95,2248994
335,2021-02-02 12:30:00,110.05,127.98,105.17,115.51,5489487
336,2021-02-02 12:00:00,142.99,154.3999,114.85,114.85,6340552
337,2021-02-02 11:30:00,91.0701,137.06,90.0,137.06,9416444
338,2021-02-02 11:00:00,104.17,104.5811,74.2201,91.5,14153095
339,2021-02-02 10:30:00,114.8882,125.0,102.0,104.6499,5835129
340,2021-02-02 10:00:00,140.76,158.0,101.3,115.0,11811757
341,2021-02-02 09:30:00,127.5,162.0,123.3301,140.76,1272196
342,2021-02-02 09:00:00,128.25,135.84,126.0,127.5,816813
343,2021-02-02 08:30:00,139.0,161.0,127.57,128.25,1139433
344,2021-02-02 08:00:00,159.01,160.4,137.13,138.7,545486
345,2021-02-02 07:30:00,158.24,162.65,137.01,159.5,976476
346,2021-02-02 07:00:00,158.5,161.0,153.6,158.49,117604
347,2021-02-02 06:30:00,174.01,175.21,157.0,158.0,61971
348,2021-02-02 06:00:00,173.48,176.39,172.0,174.5,37344
349,2021-02-02 05:30:00,171.7,173.0,170.0,173.0,42232
350,2021-02-02 05:00:00,172.7,175.0,167.52,171.0,71823
351,2021-02-02 04:30:00,175.3,178.31,160.0,173.0,174725
352,2021-02-01 20:00:00,198.99,198.99,188.02,189.52,181608
353,2021-02-01 19:30:00,186.65,198.99,186.65,198.5,217200
354,2021-02-01 19:00:00,187.0,188.99,182.0,187.75,190109
355,2021-02-01 18:30:00,178.0,190.0,177.0,186.0,305754
356,2021-02-01 18:00:00,182.05,193.25,175.0,178.0,672254
357,2021-02-01 17:30:00,207.96,208.79,173.0,181.88,905632
358,2021-02-01 17:00:00,218.0,225.01,206.0,207.55,330997
359,2021-02-01 16:30:00,225.46,231.0,215.0,218.01,295970
360,2021-02-01 16:00:00,234.0,234.89,214.66,227.0,3038037
361,2021-02-01 15:30:00,240.1096,240.1096,227.5001,233.97,1561433
362,2021-02-01 15:00:00,245.0,247.6799,235.51,240.1828,930585
363,2021-02-01 14:30:00,250.0,251.0,238.0,244.59,1135053
364,2021-02-01 14:00:00,239.69,253.8899,230.0,250.0,1743435
365,2021-02-01 13:30:00,248.4599,249.9499,231.0,239.49,1253961
366,2021-02-01 13:00:00,252.0,260.63,241.0,248.0,1019697
367,2021-02-01 12:30:00,259.0,262.5999,241.21,251.9999,1482954
368,2021-02-01 12:00:00,273.54,280.0,255.0,259.2,2091385
369,2021-02-01 11:30:00,236.775,275.0,232.9001,273.85,2719237
370,2021-02-01 11:00:00,213.07,257.9399,212.0,237.39,4221178
371,2021-02-01 10:30:00,270.0,284.0,213.07,213.07,4953581
372,2021-02-01 10:00:00,316.56,322.0,252.0,269.9999,5899597
373,2021-02-01 09:30:00,317.7,318.5,288.01,314.74,373157
374,2021-02-01 09:00:00,319.0,333.0,288.0501,317.8,292717
375,2021-02-01 08:30:00,327.0,330.01,299.95,319.99,396815
376,2021-02-01 08:00:00,300.0,331.9,296.0,323.35,367471
377,2021-02-01 07:30:00,327.42,331.0,288.07,300.0,553926
378,2021-02-01 07:00:00,332.15,336.1,326.06,328.18,58325
379,2021-02-01 06:30:00,338.0,345.0,332.0,334.21,30393
380,2021-02-01 06:00:00,337.83,343.0,337.0,337.0,31772
381,2021-02-01 05:30:00,347.0,356.36,326.05,337.21,81392
382,2021-02-01 05:00:00,353.9,353.9,333.0,348.0,66062
383,2021-02-01 04:30:00,356.1,384.89,321.75,351.5,220891
384,2021-01-29 20:00:00,317.5,321.1,312.0,312.01,119081
385,2021-01-29 19:30:00,316.0,318.0,312.0,317.5,52359
386,2021-01-29 19:00:00,306.01,320.0,306.01,315.72,108623
387,2021-01-29 18:30:00,306.11,309.0,303.0201,305.0,59844
388,2021-01-29 18:00:00,320.0,320.0,301.21,306.0,112829
389,2021-01-29 17:30:00,322.3,350.0,318.0,320.0,158935
390,2021-01-29 17:00:00,324.73,327.0,315.0,322.02,290684
391,2021-01-29 16:30:00,327.67,330.9,293.0001,324.0,822240
392,2021-01-29 16:00:00,305.31,335.0,291.25,328.24,5086072
393,2021-01-29 15:30:00,284.79,327.21,283.81,305.3101,3464000
394,2021-01-29 15:00:00,256.6191,306.95,250.0,283.5608,3471688
395,2021-01-29 14:30:00,275.95,296.0,252.0,255.494,3187088
396,2021-01-29 14:00:00,318.0145,318.8,265.4801,276.1098,3405251
397,2021-01-29 13:30:00,328.1182,336.0,312.4701,318.8,1376037
398,2021-01-29 13:00:00,348.1117,353.5999,312.44,329.3264,2101560
399,2021-01-29 12:30:00,339.8802,377.0,333.3301,349.0,3340022
400,2021-01-29 12:00:00,335.1109,344.99,312.04,340.1656,2037522
401,2021-01-29 11:30:00,335.5999,341.0,317.5661,335.8863,1938241
402,2021-01-29 11:00:00,315.0,347.0,303.0398,334.62,3618447
403,2021-01-29 10:30:00,317.7093,339.987,291.0,315.0,3880631
404,2021-01-29 10:00:00,379.71,413.98,291.57,317.37,7147388
405,2021-01-29 09:30:00,363.01,390.0,354.7,381.43,1434413
406,2021-01-29 09:00:00,341.36,380.01,313.0,362.79,807542
407,2021-01-29 08:30:00,347.07,392.01,312.0098,341.18,578887
408,2021-01-29 08:00:00,337.0,353.6,311.0,346.49,525861
409,2021-01-29 07:30:00,395.0,399.98,323.99,337.0,779687
410,2021-01-29 07:00:00,393.0,400.0,374.93,395.01,67338
411,2021-01-29 06:30:00,385.0,393.0,360.0,393.0,83679
412,2021-01-29 06:00:00,392.01,397.84,380.0,389.05,41301
413,2021-01-29 05:30:00,420.0,420.0,390.0,395.0,101187
414,2021-01-29 05:00:00,415.0,430.0,382.0,425.94,201555
415,2021-01-29 04:30:00,360.0,470.0,355.98,415.0,257713
416,2021-01-28 20:00:00,313.89,327.0,305.99,311.99,314788
417,2021-01-28 19:30:00,347.0,355.9,311.14,314.0,579599
418,2021-01-28 19:00:00,291.0,348.86,291.0,347.01,734914
419,2021-01-28 18:30:00,280.33,298.0,280.33,292.0,371627
420,2021-01-28 18:00:00,259.75,282.99,258.26,281.85,204212
421,2021-01-28 17:30:00,257.0,509.0,255.0,259.99,214534
422,2021-01-28 17:00:00,268.12,277.24,250.0,257.0,550121
423,2021-01-28 16:30:00,197.44,282.92,193.6,265.32,993236
424,2021-01-28 16:00:00,225.0201,237.99,197.44,197.44,3520622
425,2021-01-28 15:30:00,246.1359,261.9899,225.02,225.46,2167092
426,2021-01-28 15:00:00,229.18,265.0,215.0,247.17,3210548
427,2021-01-28 14:30:00,242.4305,246.0,220.7901,229.0,1532959
428,2021-01-28 14:00:00,230.3455,267.0,226.65,241.5301,2313781
429,2021-01-28 13:30:00,240.9471,251.0,205.4201,231.469,2817110
430,2021-01-28 13:00:00,276.0,285.0,230.01,239.6656,2414047
431,2021-01-28 12:30:00,255.99,324.0,250.7,278.7044,3893893
432,2021-01-28 12:00:00,141.0,256.0,135.0,255.7614,6344507
433,2021-01-28 11:30:00,265.0,282.55,112.25,132.0,4470136
434,2021-01-28 11:00:00,397.86,403.9999,264.01,264.01,3077125
435,2021-01-28 10:30:00,469.0,483.0,369.41,396.505,4418021
436,2021-01-28 10:00:00,265.0,468.7793,261.52,468.49,6711620
437,2021-01-28 09:30:00,340.73,509.0,249.73,263.49,2344949
438,2021-01-28 09:00:00,448.34,452.0,338.0,341.0,1183021
439,2021-01-28 08:30:00,459.0,489.12,434.0,448.0,777151
440,2021-01-28 08:00:00,480.0,492.1,450.0,459.0,527766
441,2021-01-28 07:30:00,447.01,508.83,421.7,480.0,1429794
442,2021-01-28 07:00:00,451.51,458.0,430.0,445.0,190437
443,2021-01-28 06:30:00,456.4,513.12,410.0,451.0,660876
444,2021-01-28 06:00:00,367.9,457.89,350.0,456.0,472126
445,2021-01-28 05:30:00,333.11,377.0,333.0,366.78,239370
446,2021-01-28 05:00:00,314.12,344.0,309.0,335.0,73546
447,2021-01-28 04:30:00,311.3,360.0,301.0,314.95,143381
448,2021-01-27 20:00:00,258.01,303.0,255.01,292.0,550546
449,2021-01-27 19:30:00,248.99,295.21,217.0,258.5,621270
450,2021-01-27 19:00:00,314.05,319.9,220.0,248.8,473352
451,2021-01-27 18:30:00,319.0,319.21,310.0,314.0,54738
452,2021-01-27 18:00:00,317.11,347.51,315.0,319.85,150463
453,2021-01-27 17:30:00,327.36,328.84,293.0,317.0,486685
454,2021-01-27 17:00:00,338.83,347.51,325.0,327.26,302673
455,2021-01-27 16:30:00,347.51,373.02,305.0,338.25,849314
456,2021-01-27 16:00:00,335.8247,351.0,320.0,345.0,4685953
457,2021-01-27 15:30:00,318.01,353.0,315.4054,335.8247,4703147
458,2021-01-27 15:00:00,301.2236,333.17,295.0,319.6006,3845248
459,2021-01-27 14:30:00,326.07,337.89,290.01,302.7938,3287134
460,2021-01-27 14:00:00,323.01,345.33,303.77,326.59,3826027
461,2021-01-27 13:30:00,341.0407,347.16,320.52,324.0,2957571
462,2021-01-27 13:00:00,302.55,350.0,300.0,342.172,4653550
463,2021-01-27 12:30:00,312.61,344.0,280.0,303.1,5375297
464,2021-01-27 12:00:00,363.53,380.0,312.61,312.61,6233204
465,2021-01-27 11:30:00,371.182,380.0,331.9767,362.364,8409479
466,2021-01-27 11:00:00,276.18,380.0,275.0,371.82,10843513
467,2021-01-27 10:30:00,310.32,314.0,249.0,278.8485,6536492
468,2021-01-27 10:00:00,354.83,354.83,255.16,310.69,9937571
469,2021-01-27 09:30:00,231.15,385.0,197.53,351.94,4931416
470,2021-01-27 09:00:00,207.39,273.4,202.0,231.5,1224128
471,2021-01-27 08:30:00,230.0,245.75,197.53,207.16,1520988
472,2021-01-27 08:00:00,247.99,256.0,220.01,230.0,991859
473,2021-01-27 07:30:00,199.5,277.0,195.0,248.0,2122686
474,2021-01-27 07:00:00,242.2,251.0,182.55,197.89,1023014
475,2021-01-27 06:30:00,351.89,353.0,241.0,241.0,861738
476,2021-01-27 06:00:00,321.73,365.42,311.0,351.0,663589
477,2021-01-27 05:30:00,299.5,344.0,293.01,321.0,973384
478,2021-01-27 05:00:00,267.95,299.33,263.57,299.19,791726
479,2021-01-27 04:30:00,246.66,270.0,219.07,265.23,628831
480,2021-01-26 20:00:00,222.5,223.5,207.95,209.51,353019
481,2021-01-26 19:30:00,225.0,227.19,217.5,222.5001,343291
482,2021-01-26 19:00:00,214.0,231.5,211.5,225.0,976652
483,2021-01-26 18:30:00,208.1,218.03,205.11,214.0,561889
484,2021-01-26 18:00:00,217.27,222.84,203.0,208.14,1186551
485,2021-01-26 17:30:00,224.6,248.9,206.33,217.0,3229374
486,2021-01-26 17:00:00,184.99,244.0,180.01,224.45,7066918
487,2021-01-26 16:30:00,146.2,194.5,138.0,184.29,4260718
488,2021-01-26 16:00:00,148.3118,150.0,132.31,145.965,14015714
489,2021-01-26 15:30:00,131.6913,149.25,127.0,148.39,19595906
490,2021-01-26 15:00:00,122.3699,143.89,117.2,131.845,18477627
491,2021-01-26 14:30:00,114.2538,125.0,112.0,122.19,13970796
492,2021-01-26 14:00:00,112.2334,124.5799,106.0,114.5499,17814725
493,2021-01-26 13:30:00,105.3137,113.8,96.99,112.01,14023418
494,2021-01-26 13:00:00,92.51,114.24,92.4301,105.5556,16122121
495,2021-01-26 12:30:00,87.685,93.0,87.68,92.523,4525342
496,2021-01-26 12:00:00,87.4199,89.5,85.54,87.7999,2593047
497,2021-01-26 11:30:00,87.62,90.68,81.0,87.4299,4723486
498,2021-01-26 11:00:00,82.3801,94.0,80.2,87.6101,9308229
499,2021-01-26 10:30:00,87.575,91.5,81.11,82.6,7158540
500,2021-01-26 10:00:00,88.56,101.62,85.41,87.57,15234463
501,2021-01-26 09:30:00,89.0,89.5,81.05,88.53,1119755
502,2021-01-26 09:00:00,89.3,90.0,87.77,89.25,376377
503,2021-01-26 08:30:00,91.62,94.39,86.15,89.3,601279
504,2021-01-26 08:00:00,93.38,94.39,91.22,91.51,333704
505,2021-01-26 07:30:00,88.89,93.84,86.39,93.47,577231
506,2021-01-26 07:00:00,89.2,91.0,88.0,88.5,24279
507,2021-01-26 06:30:00,89.0,90.0,87.5,87.7,34309
508,2021-01-26 06:00:00,87.75,90.67,87.55,88.55,49543
509,2021-01-26 05:30:00,94.25,94.25,86.03,87.35,94364
510,2021-01-26 05:00:00,94.1,96.0,93.66,94.0,59883
511,2021-01-26 04:30:00,90.0,100.0,90.0,93.94,209451
512,2021-01-25 20:00:00,88.21,90.0,87.31,88.87,253075
513,2021-01-25 19:30:00,82.9,90.0,82.9,88.37,432428
514,2021-01-25 19:00:00,82.0,83.18,82.0,82.8801,93115
515,2021-01-25 18:30:00,81.71,158.09,81.65,82.5,107069
516,2021-01-25 18:00:00,82.03,83.35,81.08,81.71,287257
517,2021-01-25 17:30:00,78.39,83.5,78.3,82.12,630281
518,2021-01-25 17:00:00,76.69,79.49,76.57,78.5,268557
519,2021-01-25 16:30:00,76.7698,79.75,72.0,76.7,651016
520,2021-01-25 16:00:00,78.99,81.25,75.51,76.765,7444756
521,2021-01-25 15:30:00,77.19,132.45,71.1001,78.99,7736410
522,2021-01-25 15:00:00,82.1201,96.1192,75.0,77.0001,7266194
523,2021-01-25 14:30:00,76.6241,86.54,74.16,82.2,10031675
524,2021-01-25 14:00:00,68.98,81.5,67.9,76.7499,9337767
525,2021-01-25 13:30:00,69.3,76.85,65.37,69.3199,8443279
526,2021-01-25 13:00:00,76.34,85.8,65.55,69.42,13653159
527,2021-01-25 12:30:00,99.99,103.0,61.13,72.71,11480031
528,2021-01-25 12:00:00,96.0,107.31,91.0,99.56,9969107
529,2021-01-25 11:30:00,117.07,120.0,85.39,94.78,10789815
530,2021-01-25 11:00:00,119.96,159.18,116.0,117.07,28109352
531,2021-01-25 10:30:00,89.685,120.0,85.0,119.99,23610885
532,2021-01-25 10:00:00,96.73,101.01,86.32,89.76,16245718
533,2021-01-25 09:30:00,98.265,103.0,86.7,96.0,2916604
534,2021-01-25 09:00:00,99.77,104.53,93.01,98.05,2579842
535,2021-01-25 08:30:00,91.71,99.94,86.9999,99.6,2094278
536,2021-01-25 08:00:00,92.0,93.9,86.72,91.65,949715
537,2021-01-25 07:30:00,94.48,97.0,90.72,92.0,1237804
538,2021-01-25 07:00:00,97.0,97.97,90.35,94.43,407164
539,2021-01-25 06:30:00,96.93,101.7,94.99,96.84,377161
540,2021-01-25 06:00:00,88.5,98.94,86.25,96.77,361025
541,2021-01-25 05:30:00,106.77,109.0,88.02,88.99,524947
542,2021-01-25 05:00:00,94.79,136.63,91.13,105.39,736874
543,2021-01-25 04:30:00,72.5,94.59,72.2,94.5,457861
544,2021-01-22 20:00:00,62.2,63.48,61.0,61.0,156983
545,2021-01-22 19:30:00,63.6,63.6,61.9,62.0,122843
546,2021-01-22 19:00:00,63.75,63.96,63.23,63.7,56311
547,2021-01-22 18:30:00,64.0,64.88,62.35,63.7,95929
548,2021-01-22 18:00:00,66.89,66.89,63.01,63.8,331962
549,2021-01-22 17:30:00,67.5,67.89,65.91,66.69,610582
550,2021-01-22 17:00:00,65.55,68.46,64.62,67.6,1277683
551,2021-01-22 16:30:00,65.0,66.89,62.4,65.55,1022560
552,2021-01-22 16:00:00,61.139,68.0,59.43,64.85,18687922
553,2021-01-22 15:30:00,59.185,62.3499,57.2,61.15,11356511
554,2021-01-22 15:00:00,59.5938,60.69,57.57,59.18,7339470
555,2021-01-22 14:30:00,54.9955,61.49,54.6,59.575,11596314
556,2021-01-22 14:00:00,59.2252,64.2,54.46,55.1097,15482408
557,2021-01-22 13:30:00,70.385,71.99,55.22,59.14,26687833
558,2021-01-22 13:00:00,61.4907,76.7573,58.4,70.3,34006494
559,2021-01-22 12:30:00,52.2,61.5,52.0544,61.4805,23846234
560,2021-01-22 12:00:00,48.56,53.95,48.42,52.2,14793617
561,2021-01-22 11:30:00,47.687,49.62,46.78,48.605,9035104
562,2021-01-22 11:00:00,45.5,47.73,44.84,47.6795,6870869
563,2021-01-22 10:30:00,45.99,46.35,43.77,45.59,5030241
564,2021-01-22 10:00:00,42.59,46.29,42.32,45.98,7764988
565,2021-01-22 09:30:00,44.19,45.5,42.56,42.68,409781
566,2021-01-22 09:00:00,44.78,44.85,43.3,44.39,128406
567,2021-01-22 08:30:00,44.7672,46.94,43.55,44.65,247175
568,2021-01-22 08:00:00,45.52,46.94,44.8,45.25,133128
569,2021-01-22 07:30:00,44.81,45.62,44.05,45.62,51957
570,2021-01-22 07:00:00,45.15,45.18,44.3,44.4,5445
571,2021-01-22 06:30:00,44.76,45.2,44.34,45.2,6489
572,2021-01-22 06:00:00,44.14,44.43,44.02,44.34,4035
573,2021-01-22 05:30:00,45.1,45.1,44.06,44.06,3155
574,2021-01-22 05:00:00,44.26,45.35,44.14,45.1,10972
575,2021-01-22 04:30:00,44.66,45.5,44.15,44.31,24711
576,2021-01-21 20:00:00,46.8,46.8,45.23,45.35,191467
577,2021-01-21 19:30:00,45.31,47.47,45.31,46.7,392550
578,2021-01-21 19:00:00,43.7,45.45,43.7,45.39,270256
579,2021-01-21 18:30:00,43.9,43.9,43.38,43.7,50456
580,2021-01-21 18:00:00,42.56,43.9,42.52,43.5,48909
581,2021-01-21 17:30:00,42.81,42.96,42.5,42.5602,117135
582,2021-01-21 17:00:00,43.01,43.03,42.46,42.98,73431
583,2021-01-21 16:30:00,43.03,44.1,42.2602,43.0,309029
584,2021-01-21 16:00:00,42.66,43.19,41.76,43.02,4838819
585,2021-01-21 15:30:00,40.53,42.75,40.52,42.6121,4239910
586,2021-01-21 15:00:00,42.0205,42.23,40.02,40.56,2813766
587,2021-01-21 14:30:00,42.2413,42.55,41.46,41.9997,2577219
588,2021-01-21 14:00:00,41.3582,42.59,40.82,42.218,3128732
589,2021-01-21 13:30:00,39.61,41.9,39.38,41.4118,3873132
590,2021-01-21 13:00:00,39.0711,40.44,38.8,39.7,4013603
591,2021-01-21 12:30:00,42.3,42.8,37.0,38.98,9186572
592,2021-01-21 12:00:00,40.2259,44.75,40.11,42.2501,10126647
593,2021-01-21 11:30:00,39.8289,40.95,39.38,40.3,2590577
594,2021-01-21 11:00:00,38.8038,40.53,38.8,39.8675,3393519
595,2021-01-21 10:30:00,38.51,39.41,37.86,38.8,1940758
596,2021-01-21 10:00:00,39.23,39.79,37.52,38.5,2695860
597,2021-01-21 09:30:00,39.05,39.5,39.02,39.14,57127
598,2021-01-21 09:00:00,39.26,39.38,39.0,39.0,16488
599,2021-01-21 08:30:00,38.5501,39.15,38.54,39.0,22303
600,2021-01-21 08:00:00,38.56,38.64,38.54,38.56,2971
601,2021-01-21 07:30:00,38.75,39.02,38.54,38.75,9554
602,2021-01-21 07:00:00,38.95,39.0,38.9,38.9,1975
603,2021-01-21 05:00:00,39.2,39.2,39.2,39.2,390
604,2021-01-20 20:00:00,38.88,39.1,38.85,39.05,22695
605,2021-01-20 19:30:00,38.89,38.95,38.8,38.91,5677
606,2021-01-20 19:00:00,39.0,39.0,38.9,38.9,4459
607,2021-01-20 18:30:00,38.83,39.0,38.81,39.0,4076
608,2021-01-20 18:00:00,38.75,38.85,38.71,38.71,10870
609,2021-01-20 17:30:00,38.84,39.12,38.75,38.75,84567
610,2021-01-20 17:00:00,38.9,38.95,38.69,38.8,33135
611,2021-01-20 16:30:00,39.01,39.2,38.82,38.93,26034
612,2021-01-20 16:00:00,39.055,39.38,38.71,39.12,1415509
613,2021-01-20 15:30:00,39.6,40.14,38.95,39.0401,1359001
614,2021-01-20 15:00:00,39.1357,39.97,38.83,39.59,1181992
615,2021-01-20 14:30:00,39.275,39.75,39.0,39.13,1095327
616,2021-01-20 14:00:00,38.5367,39.55,38.5,39.2744,1563460
617,2021-01-20 13:30:00,38.635,38.79,37.85,38.5768,1368164
618,2021-01-20 13:00:00,38.6,38.8,38.275,38.67,1199726
619,2021-01-20 12:30:00,39.28,40.05,38.5515,38.6268,1878562
620,2021-01-20 12:00:00,38.76,41.1899,38.3,39.35,6215619
621,2021-01-20 11:30:00,36.86,38.95,36.06,38.7793,4893611
622,2021-01-20 11:00:00,36.693,38.19,36.4,36.86,3307654
623,2021-01-20 10:30:00,37.97,38.17,36.6705,36.71,2354158
624,2021-01-20 10:00:00,37.37,39.3933,36.63,37.9175,4814116
625,2021-01-20 09:30:00,37.95,37.95,37.06,37.06,175579
626,2021-01-20 09:00:00,37.49,37.95,37.1,37.87,87554
627,2021-01-20 08:30:00,37.65,39.0,37.2,37.49,220624
628,2021-01-20 08:00:00,37.79,38.5,37.79,38.42,99604
629,2021-01-20 07:30:00,37.92,38.04,37.54,37.78,56235
630,2021-01-20 07:00:00,38.0,38.0,37.8,37.9,16299
631,2021-01-20 06:30:00,37.7,38.0,37.5,38.0,9045
632,2021-01-20 06:00:00,38.03,38.04,37.65,37.7,8456
633,2021-01-20 05:30:00,38.05,38.05,37.83,37.95,2318
634,2021-01-20 05:00:00,38.0,38.02,37.57,37.83,3699
635,2021-01-20 04:30:00,38.5,38.58,37.4,38.1,10315
636,2021-01-19 20:00:00,38.68,38.8,38.6,38.6,40450
637,2021-01-19 19:30:00,38.7,38.75,38.56,38.58,17747
638,2021-01-19 19:00:00,38.9,38.9,38.7,38.75,11173
639,2021-01-19 18:30:00,38.9,38.96,38.86,38.86,34383
640,2021-01-19 18:00:00,38.86,38.96,38.75,38.89,24401
641,2021-01-19 17:30:00,38.84,38.95,38.65,38.95,90163
642,2021-01-19 17:00:00,38.89,39.36,38.5101,38.8398,237785
643,2021-01-19 16:30:00,39.36,39.71,38.83,39.04,119118
644,2021-01-19 16:00:00,39.86,39.99,38.61,39.51,3706283
645,2021-01-19 15:30:00,40.2607,40.53,39.6,39.88,1735622
646,2021-01-19 15:00:00,39.9,40.68,39.6,40.276,1632611
647,2021-01-19 14:30:00,40.9444,40.99,39.66,39.89,1849131
648,2021-01-19 14:00:00,40.97,41.34,40.53,40.94,1945933
649,2021-01-19 13:30:00,42.0295,42.1978,40.29,40.97,3345863
650,2021-01-19 13:00:00,40.9752,42.3,40.7,42.12,4275387
651,2021-01-19 12:30:00,39.63,41.67,39.4,40.985,6397859
652,2021-01-19 12:00:00,38.4874,39.69,38.0,39.6201,2812834
653,2021-01-19 11:30:00,37.79,39.48,37.7301,38.4801,4680596
654,2021-01-19 11:00:00,37.6537,38.75,36.75,37.76,6553797
655,2021-01-19 10:30:00,40.75,40.76,36.64,37.61,14934365
656,2021-01-19 10:00:00,41.55,45.52,39.25,40.7378,18097074
657,2021-01-19 09:30:00,40.85,42.88,40.8,41.75,952107
658,2021-01-19 09:00:00,39.76,41.24,39.6,40.88,374775
659,2021-01-19 08:30:00,38.38,40.6099,37.2002,39.75,402552
660,2021-01-19 08:00:00,38.61,39.01,38.07,38.38,132627
661,2021-01-19 07:30:00,40.5,40.99,37.1,38.59,469589
662,2021-01-19 07:00:00,40.33,40.54,40.33,40.34,18717
663,2021-01-19 06:30:00,41.1,41.1,40.31,40.31,13905
664,2021-01-19 06:00:00,41.3,41.5,40.77,41.25,11191
665,2021-01-19 05:30:00,40.77,41.5,40.42,41.2,19650
666,2021-01-19 05:00:00,40.01,41.0,40.0,40.9,24390
667,2021-01-19 04:30:00,39.0,42.61,38.31,40.01,66152
